sep=;
time;model_id;model_name;port_name;data
0;1;(19,19);;<0>
0;2;(18,19);;<0>
0;3;(17,19);;<0>
0;4;(15,19);;<0>
0;5;(14,19);;<0>
0;6;(6,19);;<0>
0;7;(5,19);;<0>
0;8;(2,19);;<0>
0;9;(0,19);;<0>
0;10;(19,18);;<0>
0;11;(14,18);;<0>
0;12;(12,18);;<0>
0;13;(4,18);;<0>
0;14;(17,17);;<0>
0;15;(14,17);;<0>
0;16;(7,17);;<0>
0;17;(3,17);;<0>
0;18;(0,17);;<0>
0;19;(19,16);;<0>
0;20;(18,16);;<0>
0;21;(17,16);;<0>
0;22;(12,16);;<0>
0;23;(7,18);;<0>
0;24;(9,16);;<0>
0;25;(7,16);;<0>
0;26;(1,16);;<0>
0;27;(0,16);;<0>
0;28;(19,15);;<0>
0;29;(9,15);;<0>
0;30;(2,15);;<0>
0;31;(12,14);;<0>
0;32;(11,14);;<0>
0;33;(6,14);;<0>
0;34;(5,14);;<0>
0;35;(13,13);;<0>
0;36;(12,13);;<0>
0;37;(11,13);;<0>
0;38;(8,13);;<0>
0;39;(7,13);;<0>
0;40;(19,12);;<0>
0;41;(18,12);;<0>
0;42;(17,12);;<0>
0;43;(16,12);;<0>
0;44;(13,12);;<0>
0;45;(12,12);;<0>
0;46;(19,11);;<0>
0;47;(17,11);;<0>
0;48;(16,11);;<0>
0;49;(15,11);;<0>
0;50;(11,12);;<0>
0;51;(13,11);;<0>
0;52;(10,11);;<0>
0;53;(9,11);;<0>
0;54;(8,11);;<0>
0;55;(1,11);;<0>
0;56;(0,11);;<0>
0;57;(17,10);;<0>
0;58;(16,10);;<0>
0;59;(14,10);;<0>
0;60;(13,10);;<0>
0;61;(12,10);;<0>
0;62;(11,10);;<0>
0;63;(10,10);;<0>
0;64;(9,10);;<0>
0;65;(8,10);;<0>
0;66;(0,10);;<0>
0;67;(19,9);;<0>
0;68;(9,9);;<0>
0;69;(8,9);;<0>
0;70;(0,9);;<0>
0;71;(18,8);;<0>
0;72;(15,8);;<0>
0;73;(8,8);;<0>
0;74;(7,8);;<0>
0;75;(2,8);;<0>
0;76;(9,8);;<0>
0;77;(1,8);;<0>
0;78;(19,7);;<0>
0;79;(13,18);;<0>
0;80;(7,14);;<0>
0;81;(16,7);;<0>
0;82;(12,7);;<0>
0;83;(10,7);;<0>
0;84;(8,7);;<0>
0;85;(15,18);;<0>
0;86;(7,7);;<0>
0;87;(8,14);;<0>
0;88;(5,7);;<0>
0;89;(4,7);;<0>
0;90;(3,7);;<0>
0;91;(2,7);;<0>
0;92;(1,7);;<0>
0;93;(10,14);;<1>
0;94;(9,2);;<1>
0;95;(9,14);;<1>
0;96;(4,14);;<1>
0;97;(8,15);;<0>
0;98;(2,14);;<1>
0;99;(15,13);;<1>
0;100;(5,13);;<1>
0;101;(2,13);;<1>
0;102;(15,12);;<1>
0;103;(2,17);;<1>
0;104;(3,12);;<1>
0;105;(1,4);;<0>
0;106;(7,11);;<1>
0;107;(10,13);;<1>
0;108;(9,4);;<0>
0;109;(3,11);;<1>
0;110;(18,0);;<0>
0;111;(12,19);;<0>
0;112;(18,10);;<1>
0;113;(7,12);;<1>
0;114;(13,17);;<0>
0;115;(1,14);;<1>
0;116;(2,10);;<1>
0;117;(16,13);;<1>
0;118;(17,9);;<1>
0;119;(0,14);;<0>
0;120;(13,9);;<1>
0;121;(1,2);;<1>
0;122;(3,14);;<1>
0;123;(6,10);;<1>
0;124;(11,17);;<1>
0;125;(8,6);;<0>
0;126;(0,5);;<0>
0;127;(2,9);;<1>
0;128;(13,8);;<1>
0;129;(12,8);;<1>
0;130;(6,15);;<1>
0;131;(16,18);;<0>
0;132;(6,9);;<1>
0;133;(11,8);;<1>
0;134;(1,13);;<1>
0;135;(15,3);;<0>
0;136;(3,19);;<0>
0;137;(4,8);;<1>
0;138;(18,7);;<1>
0;139;(16,5);;<1>
0;140;(1,10);;<1>
0;141;(1,9);;<1>
0;142;(5,0);;<0>
0;143;(13,16);;<0>
0;144;(15,7);;<1>
0;145;(2,16);;<0>
0;146;(12,3);;<1>
0;147;(4,12);;<1>
0;148;(8,16);;<0>
0;149;(5,4);;<0>
0;150;(3,3);;<1>
0;151;(2,1);;<1>
0;152;(18,6);;<1>
0;153;(5,8);;<1>
0;154;(11,7);;<1>
0;155;(16,4);;<1>
0;156;(8,2);;<1>
0;157;(7,15);;<0>
0;158;(14,14);;<1>
0;159;(15,4);;<0>
0;160;(15,0);;<0>
0;161;(9,3);;<1>
0;162;(5,15);;<1>
0;163;(16,9);;<0>
0;164;(6,5);;<1>
0;165;(18,3);;<1>
0;166;(10,1);;<0>
0;167;(3,13);;<1>
0;168;(16,8);;<0>
0;169;(10,12);;<1>
0;170;(13,1);;<0>
0;171;(4,19);;<0>
0;172;(13,3);;<1>
0;173;(5,3);;<1>
0;174;(9,13);;<1>
0;175;(0,7);;<0>
0;176;(17,2);;<1>
0;177;(3,4);;<1>
0;178;(9,19);;<0>
0;179;(8,19);;<0>
0;180;(14,8);;<1>
0;181;(17,15);;<1>
0;182;(17,8);;<1>
0;183;(11,16);;<1>
0;184;(5,1);;<1>
0;185;(4,3);;<1>
0;186;(18,9);;<1>
0;187;(2,5);;<0>
0;188;(17,5);;<1>
0;189;(14,15);;<1>
0;190;(4,11);;<1>
0;191;(6,12);;<1>
0;192;(15,2);;<0>
0;193;(11,2);;<1>
0;194;(10,2);;<1>
0;195;(18,17);;<1>
0;196;(18,2);;<1>
0;197;(6,0);;<0>
0;198;(7,4);;<0>
0;199;(17,4);;<1>
0;200;(4,17);;<0>
0;201;(12,15);;<0>
0;202;(6,2);;<1>
0;203;(3,0);;<0>
0;204;(3,5);;<1>
0;205;(14,6);;<1>
0;206;(3,10);;<1>
0;207;(4,9);;<1>
0;208;(5,9);;<1>
0;209;(4,10);;<1>
0;210;(1,1);;<1>
0;211;(17,6);;<1>
0;212;(14,3);;<0>
0;213;(14,13);;<1>
0;214;(17,13);;<0>
0;215;(14,12);;<0>
0;216;(4,0);;<0>
0;217;(11,19);;<0>
0;218;(14,7);;<1>
0;219;(19,14);;<0>
0;220;(14,2);;<0>
0;221;(6,17);;<1>
0;222;(14,4);;<1>
0;223;(8,12);;<1>
0;224;(16,6);;<1>
0;225;(0,15);;<0>
0;226;(4,13);;<1>
0;227;(4,15);;<1>
0;228;(17,0);;<0>
0;229;(19,17);;<0>
0;230;(2,2);;<1>
0;231;(3,8);;<1>
0;232;(5,11);;<1>
0;233;(9,12);;<1>
0;234;(16,14);;<1>
0;235;(2,3);;<1>
0;236;(3,9);;<1>
0;237;(3,1);;<0>
0;238;(5,10);;<1>
0;239;(13,6);;<1>
0;240;(19,8);;<0>
0;241;(11,9);;<1>
0;242;(16,3);;<0>
0;243;(17,3);;<1>
0;244;(18,13);;<0>
0;245;(8,17);;<1>
0;246;(4,4);;<1>
0;247;(7,3);;<0>
0;248;(14,9);;<0>
0;249;(12,9);;<1>
0;250;(11,4);;<1>
0;251;(9,7);;<0>
0;252;(12,4);;<1>
0;253;(16,19);;<0>
0;254;(13,2);;<0>
0;255;(18,1);;<1>
0;256;(5,16);;<1>
0;257;(13,4);;<1>
0;258;(15,9);;<0>
0;259;(5,18);;<1>
0;260;(8,3);;<1>
0;261;(5,5);;<0>
0;262;(6,8);;<1>
0;263;(18,11);;<1>
0;264;(11,1);;<1>
0;265;(12,2);;<1>
0;266;(13,0);;<0>
0;267;(3,6);;<0>
0;268;(10,19);;<0>
0;269;(6,6);;<1>
0;270;(10,9);;<0>
0;271;(1,18);;<1>
0;272;(9,18);;<1>
0;273;(12,0);;<0>
0;274;(0,18);;<0>
0;275;(0,12);;<0>
0;276;(19,10);;<0>
0;277;(9,1);;<0>
0;278;(19,13);;<0>
0;279;(15,5);;<1>
0;280;(11,6);;<1>
0;281;(15,6);;<1>
0;282;(6,3);;<0>
0;283;(11,3);;<1>
0;284;(15,10);;<0>
0;285;(18,18);;<1>
0;286;(8,5);;<0>
0;287;(12,6);;<0>
0;288;(4,5);;<1>
0;289;(13,5);;<1>
0;290;(2,4);;<1>
0;291;(1,17);;<1>
0;292;(7,1);;<0>
0;293;(13,7);;<1>
0;294;(7,10);;<0>
0;295;(15,14);;<1>
0;296;(17,7);;<1>
0;297;(17,14);;<1>
0;298;(1,12);;<1>
0;299;(18,14);;<1>
0;300;(1,15);;<1>
0;301;(5,2);;<1>
0;302;(3,15);;<1>
0;303;(13,14);;<1>
0;304;(5,12);;<1>
0;305;(11,15);;<1>
0;306;(13,15);;<1>
0;307;(1,19);;<0>
0;308;(4,1);;<1>
0;309;(15,15);;<1>
0;310;(16,15);;<1>
0;311;(1,0);;<0>
0;312;(12,1);;<1>
0;313;(14,0);;<0>
0;314;(12,11);;<0>
0;315;(18,15);;<1>
0;316;(4,16);;<1>
0;317;(19,5);;<0>
0;318;(6,7);;<1>
0;319;(9,0);;<0>
0;320;(14,16);;<1>
0;321;(16,17);;<0>
0;322;(19,3);;<0>
0;323;(2,11);;<1>
0;324;(16,16);;<1>
0;325;(5,17);;<1>
0;326;(10,17);;<1>
0;327;(15,17);;<1>
0;328;(2,18);;<1>
0;329;(14,1);;<0>
0;330;(3,18);;<1>
0;331;(6,18);;<1>
0;332;(0,1);;<0>
0;333;(6,13);;<1>
0;334;(0,3);;<0>
0;335;(8,18);;<1>
0;336;(4,2);;<1>
0;337;(10,18);;<1>
0;338;(10,16);;<1>
0;339;(14,5);;<1>
0;340;(2,0);;<0>
0;341;(11,18);;<1>
0;342;(11,0);;<0>
0;343;(0,0);;<0>
0;344;(7,0);;<0>
0;345;(8,0);;<0>
0;346;(13,19);;<0>
0;347;(3,16);;<0>
0;348;(0,13);;<0>
0;349;(19,2);;<0>
0;350;(10,0);;<0>
0;351;(16,0);;<0>
0;352;(15,16);;<1>
0;353;(6,1);;<0>
0;354;(12,17);;<0>
0;355;(8,1);;<0>
0;356;(7,2);;<0>
0;357;(15,1);;<0>
0;358;(17,1);;<0>
0;359;(6,16);;<1>
0;360;(16,1);;<0>
0;361;(9,17);;<1>
0;362;(10,3);;<1>
0;363;(19,1);;<0>
0;364;(0,2);;<0>
0;365;(3,2);;<0>
0;366;(16,2);;<0>
0;367;(1,6);;<0>
0;368;(1,3);;<0>
0;369;(2,12);;<1>
0;370;(0,4);;<0>
0;371;(6,4);;<0>
0;372;(19,4);;<0>
0;373;(7,9);;<0>
0;374;(8,4);;<0>
0;375;(0,8);;<0>
0;376;(10,4);;<0>
0;377;(18,4);;<0>
0;378;(7,5);;<0>
0;379;(9,5);;<0>
0;380;(10,5);;<0>
0;381;(12,5);;<0>
0;382;(18,5);;<0>
0;383;(11,11);;<0>
0;384;(2,6);;<0>
0;385;(6,11);;<1>
0;386;(11,5);;<0>
0;387;(4,6);;<0>
0;388;(14,11);;<0>
0;389;(1,5);;<0>
0;390;(5,6);;<0>
0;391;(7,19);;<0>
0;392;(7,6);;<0>
0;393;(10,15);;<1>
0;394;(9,6);;<0>
0;395;(19,0);;<0>
0;396;(17,18);;<1>
0;397;(10,6);;<0>
0;398;(10,8);;<0>
0;399;(0,6);;<0>
0;400;(19,6);;<0>
0;1;(19,19);outputNeighborhood;<0>
0;1;(19,19);;<0>
0;2;(18,19);outputNeighborhood;<0>
0;2;(18,19);;<0>
0;3;(17,19);outputNeighborhood;<0>
0;3;(17,19);;<0>
0;4;(15,19);outputNeighborhood;<0>
0;4;(15,19);;<0>
0;5;(14,19);outputNeighborhood;<0>
0;5;(14,19);;<0>
0;6;(6,19);outputNeighborhood;<0>
0;6;(6,19);;<0>
0;7;(5,19);outputNeighborhood;<0>
0;7;(5,19);;<0>
0;8;(2,19);outputNeighborhood;<0>
0;8;(2,19);;<0>
0;9;(0,19);outputNeighborhood;<0>
0;9;(0,19);;<0>
0;10;(19,18);outputNeighborhood;<0>
0;10;(19,18);;<0>
0;11;(14,18);outputNeighborhood;<0>
0;11;(14,18);;<0>
0;12;(12,18);outputNeighborhood;<0>
0;12;(12,18);;<0>
0;13;(4,18);outputNeighborhood;<0>
0;13;(4,18);;<0>
0;14;(17,17);outputNeighborhood;<0>
0;14;(17,17);;<0>
0;15;(14,17);outputNeighborhood;<0>
0;15;(14,17);;<0>
0;16;(7,17);outputNeighborhood;<0>
0;16;(7,17);;<0>
0;17;(3,17);outputNeighborhood;<0>
0;17;(3,17);;<0>
0;18;(0,17);outputNeighborhood;<0>
0;18;(0,17);;<0>
0;19;(19,16);outputNeighborhood;<0>
0;19;(19,16);;<0>
0;20;(18,16);outputNeighborhood;<0>
0;20;(18,16);;<0>
0;21;(17,16);outputNeighborhood;<0>
0;21;(17,16);;<0>
0;22;(12,16);outputNeighborhood;<0>
0;22;(12,16);;<0>
0;23;(7,18);outputNeighborhood;<0>
0;23;(7,18);;<0>
0;24;(9,16);outputNeighborhood;<0>
0;24;(9,16);;<0>
0;25;(7,16);outputNeighborhood;<0>
0;25;(7,16);;<0>
0;26;(1,16);outputNeighborhood;<0>
0;26;(1,16);;<0>
0;27;(0,16);outputNeighborhood;<0>
0;27;(0,16);;<0>
0;28;(19,15);outputNeighborhood;<0>
0;28;(19,15);;<0>
0;29;(9,15);outputNeighborhood;<0>
0;29;(9,15);;<0>
0;30;(2,15);outputNeighborhood;<0>
0;30;(2,15);;<0>
0;31;(12,14);outputNeighborhood;<0>
0;31;(12,14);;<0>
0;32;(11,14);outputNeighborhood;<0>
0;32;(11,14);;<0>
0;33;(6,14);outputNeighborhood;<0>
0;33;(6,14);;<0>
0;34;(5,14);outputNeighborhood;<0>
0;34;(5,14);;<1>
0;35;(13,13);outputNeighborhood;<0>
0;35;(13,13);;<0>
0;36;(12,13);outputNeighborhood;<0>
0;36;(12,13);;<0>
0;37;(11,13);outputNeighborhood;<0>
0;37;(11,13);;<0>
0;38;(8,13);outputNeighborhood;<0>
0;38;(8,13);;<0>
0;39;(7,13);outputNeighborhood;<0>
0;39;(7,13);;<0>
0;40;(19,12);outputNeighborhood;<0>
0;40;(19,12);;<0>
0;41;(18,12);outputNeighborhood;<0>
0;41;(18,12);;<0>
0;42;(17,12);outputNeighborhood;<0>
0;42;(17,12);;<0>
0;43;(16,12);outputNeighborhood;<0>
0;43;(16,12);;<0>
0;44;(13,12);outputNeighborhood;<0>
0;44;(13,12);;<0>
0;45;(12,12);outputNeighborhood;<0>
0;45;(12,12);;<0>
0;46;(19,11);outputNeighborhood;<0>
0;46;(19,11);;<0>
0;47;(17,11);outputNeighborhood;<0>
0;47;(17,11);;<0>
0;48;(16,11);outputNeighborhood;<0>
0;48;(16,11);;<0>
0;49;(15,11);outputNeighborhood;<0>
0;49;(15,11);;<0>
0;50;(11,12);outputNeighborhood;<0>
0;50;(11,12);;<0>
0;51;(13,11);outputNeighborhood;<0>
0;51;(13,11);;<0>
0;52;(10,11);outputNeighborhood;<0>
0;52;(10,11);;<0>
0;53;(9,11);outputNeighborhood;<0>
0;53;(9,11);;<0>
0;54;(8,11);outputNeighborhood;<0>
0;54;(8,11);;<0>
0;55;(1,11);outputNeighborhood;<0>
0;55;(1,11);;<0>
0;56;(0,11);outputNeighborhood;<0>
0;56;(0,11);;<0>
0;57;(17,10);outputNeighborhood;<0>
0;57;(17,10);;<0>
0;58;(16,10);outputNeighborhood;<0>
0;58;(16,10);;<0>
0;59;(14,10);outputNeighborhood;<0>
0;59;(14,10);;<0>
0;60;(13,10);outputNeighborhood;<0>
0;60;(13,10);;<0>
0;61;(12,10);outputNeighborhood;<0>
0;61;(12,10);;<0>
0;62;(11,10);outputNeighborhood;<0>
0;62;(11,10);;<0>
0;63;(10,10);outputNeighborhood;<0>
0;63;(10,10);;<0>
0;64;(9,10);outputNeighborhood;<0>
0;64;(9,10);;<0>
0;65;(8,10);outputNeighborhood;<0>
0;65;(8,10);;<0>
0;66;(0,10);outputNeighborhood;<0>
0;66;(0,10);;<0>
0;67;(19,9);outputNeighborhood;<0>
0;67;(19,9);;<0>
0;68;(9,9);outputNeighborhood;<0>
0;68;(9,9);;<0>
0;69;(8,9);outputNeighborhood;<0>
0;69;(8,9);;<0>
0;70;(0,9);outputNeighborhood;<0>
0;70;(0,9);;<0>
0;71;(18,8);outputNeighborhood;<0>
0;71;(18,8);;<0>
0;72;(15,8);outputNeighborhood;<0>
0;72;(15,8);;<0>
0;73;(8,8);outputNeighborhood;<0>
0;73;(8,8);;<0>
0;74;(7,8);outputNeighborhood;<0>
0;74;(7,8);;<0>
0;75;(2,8);outputNeighborhood;<0>
0;75;(2,8);;<0>
0;76;(9,8);outputNeighborhood;<0>
0;76;(9,8);;<0>
0;77;(1,8);outputNeighborhood;<0>
0;77;(1,8);;<0>
0;78;(19,7);outputNeighborhood;<0>
0;78;(19,7);;<0>
0;79;(13,18);outputNeighborhood;<0>
0;79;(13,18);;<0>
0;80;(7,14);outputNeighborhood;<0>
0;80;(7,14);;<0>
0;81;(16,7);outputNeighborhood;<0>
0;81;(16,7);;<0>
0;82;(12,7);outputNeighborhood;<0>
0;82;(12,7);;<1>
0;83;(10,7);outputNeighborhood;<0>
0;83;(10,7);;<0>
0;84;(8,7);outputNeighborhood;<0>
0;84;(8,7);;<0>
0;85;(15,18);outputNeighborhood;<0>
0;85;(15,18);;<0>
0;86;(7,7);outputNeighborhood;<0>
0;86;(7,7);;<0>
0;87;(8,14);outputNeighborhood;<0>
0;87;(8,14);;<0>
0;88;(5,7);outputNeighborhood;<0>
0;88;(5,7);;<0>
0;89;(4,7);outputNeighborhood;<0>
0;89;(4,7);;<0>
0;90;(3,7);outputNeighborhood;<0>
0;90;(3,7);;<0>
0;91;(2,7);outputNeighborhood;<0>
0;91;(2,7);;<0>
0;92;(1,7);outputNeighborhood;<0>
0;92;(1,7);;<0>
0;93;(10,14);outputNeighborhood;<1>
0;93;(10,14);;<1>
0;94;(9,2);outputNeighborhood;<1>
0;94;(9,2);;<1>
0;95;(9,14);outputNeighborhood;<1>
0;95;(9,14);;<3>
0;96;(4,14);outputNeighborhood;<1>
0;96;(4,14);;<1>
0;97;(8,15);outputNeighborhood;<0>
0;97;(8,15);;<0>
0;98;(2,14);outputNeighborhood;<1>
0;98;(2,14);;<3>
0;99;(15,13);outputNeighborhood;<1>
0;99;(15,13);;<1>
0;100;(5,13);outputNeighborhood;<1>
0;100;(5,13);;<1>
0;101;(2,13);outputNeighborhood;<1>
0;101;(2,13);;<1>
0;102;(15,12);outputNeighborhood;<1>
0;102;(15,12);;<0>
0;103;(2,17);outputNeighborhood;<1>
0;103;(2,17);;<1>
0;104;(3,12);outputNeighborhood;<1>
0;104;(3,12);;<1>
0;105;(1,4);outputNeighborhood;<0>
0;105;(1,4);;<0>
0;106;(7,11);outputNeighborhood;<1>
0;106;(7,11);;<1>
0;107;(10,13);outputNeighborhood;<1>
0;107;(10,13);;<1>
0;108;(9,4);outputNeighborhood;<0>
0;108;(9,4);;<0>
0;109;(3,11);outputNeighborhood;<1>
0;109;(3,11);;<1>
0;110;(18,0);outputNeighborhood;<0>
0;110;(18,0);;<0>
0;111;(12,19);outputNeighborhood;<0>
0;111;(12,19);;<0>
0;112;(18,10);outputNeighborhood;<1>
0;112;(18,10);;<0>
0;113;(7,12);outputNeighborhood;<1>
0;113;(7,12);;<1>
0;114;(13,17);outputNeighborhood;<0>
0;114;(13,17);;<0>
0;115;(1,14);outputNeighborhood;<1>
0;115;(1,14);;<3>
0;116;(2,10);outputNeighborhood;<1>
0;116;(2,10);;<1>
0;117;(16,13);outputNeighborhood;<1>
0;117;(16,13);;<1>
0;118;(17,9);outputNeighborhood;<1>
0;118;(17,9);;<0>
0;119;(0,14);outputNeighborhood;<0>
0;119;(0,14);;<0>
0;120;(13,9);outputNeighborhood;<1>
0;120;(13,9);;<1>
0;121;(1,2);outputNeighborhood;<1>
0;121;(1,2);;<3>
0;122;(3,14);outputNeighborhood;<1>
0;122;(3,14);;<1>
0;123;(6,10);outputNeighborhood;<1>
0;123;(6,10);;<1>
0;124;(11,17);outputNeighborhood;<1>
0;124;(11,17);;<1>
0;125;(8,6);outputNeighborhood;<0>
0;125;(8,6);;<0>
0;126;(0,5);outputNeighborhood;<0>
0;126;(0,5);;<0>
0;127;(2,9);outputNeighborhood;<1>
0;127;(2,9);;<1>
0;128;(13,8);outputNeighborhood;<1>
0;128;(13,8);;<1>
0;129;(12,8);outputNeighborhood;<1>
0;129;(12,8);;<3>
0;130;(6,15);outputNeighborhood;<1>
0;130;(6,15);;<0>
0;131;(16,18);outputNeighborhood;<0>
0;131;(16,18);;<0>
0;132;(6,9);outputNeighborhood;<1>
0;132;(6,9);;<3>
0;133;(11,8);outputNeighborhood;<1>
0;133;(11,8);;<3>
0;134;(1,13);outputNeighborhood;<1>
0;134;(1,13);;<1>
0;135;(15,3);outputNeighborhood;<0>
0;135;(15,3);;<0>
0;136;(3,19);outputNeighborhood;<0>
0;136;(3,19);;<0>
0;137;(4,8);outputNeighborhood;<1>
0;137;(4,8);;<3>
0;138;(18,7);outputNeighborhood;<1>
0;138;(18,7);;<3>
0;139;(16,5);outputNeighborhood;<1>
0;139;(16,5);;<1>
0;140;(1,10);outputNeighborhood;<1>
0;140;(1,10);;<1>
0;141;(1,9);outputNeighborhood;<1>
0;141;(1,9);;<0>
0;142;(5,0);outputNeighborhood;<0>
0;142;(5,0);;<0>
0;143;(13,16);outputNeighborhood;<0>
0;143;(13,16);;<0>
0;144;(15,7);outputNeighborhood;<1>
0;144;(15,7);;<1>
0;145;(2,16);outputNeighborhood;<0>
0;145;(2,16);;<0>
0;146;(12,3);outputNeighborhood;<1>
0;146;(12,3);;<3>
0;147;(4,12);outputNeighborhood;<1>
0;147;(4,12);;<1>
0;148;(8,16);outputNeighborhood;<0>
0;148;(8,16);;<0>
0;149;(5,4);outputNeighborhood;<0>
0;149;(5,4);;<0>
0;150;(3,3);outputNeighborhood;<1>
0;150;(3,3);;<1>
0;151;(2,1);outputNeighborhood;<1>
0;151;(2,1);;<0>
0;152;(18,6);outputNeighborhood;<1>
0;152;(18,6);;<1>
0;153;(5,8);outputNeighborhood;<1>
0;153;(5,8);;<1>
0;154;(11,7);outputNeighborhood;<1>
0;154;(11,7);;<0>
0;155;(16,4);outputNeighborhood;<1>
0;155;(16,4);;<1>
0;156;(8,2);outputNeighborhood;<1>
0;156;(8,2);;<0>
0;157;(7,15);outputNeighborhood;<0>
0;157;(7,15);;<0>
0;158;(14,14);outputNeighborhood;<1>
0;158;(14,14);;<3>
0;159;(15,4);outputNeighborhood;<0>
0;159;(15,4);;<0>
0;160;(15,0);outputNeighborhood;<0>
0;160;(15,0);;<0>
0;161;(9,3);outputNeighborhood;<1>
0;161;(9,3);;<1>
0;162;(5,15);outputNeighborhood;<1>
0;162;(5,15);;<1>
0;163;(16,9);outputNeighborhood;<0>
0;163;(16,9);;<0>
0;164;(6,5);outputNeighborhood;<1>
0;164;(6,5);;<0>
0;165;(18,3);outputNeighborhood;<1>
0;165;(18,3);;<1>
0;166;(10,1);outputNeighborhood;<0>
0;166;(10,1);;<0>
0;167;(3,13);outputNeighborhood;<1>
0;167;(3,13);;<1>
0;168;(16,8);outputNeighborhood;<0>
0;168;(16,8);;<0>
0;169;(10,12);outputNeighborhood;<1>
0;169;(10,12);;<0>
0;170;(13,1);outputNeighborhood;<0>
0;170;(13,1);;<0>
0;171;(4,19);outputNeighborhood;<0>
0;171;(4,19);;<0>
0;172;(13,3);outputNeighborhood;<1>
0;172;(13,3);;<3>
0;173;(5,3);outputNeighborhood;<1>
0;173;(5,3);;<1>
0;174;(9,13);outputNeighborhood;<1>
0;174;(9,13);;<3>
0;175;(0,7);outputNeighborhood;<0>
0;175;(0,7);;<0>
0;176;(17,2);outputNeighborhood;<1>
0;176;(17,2);;<1>
0;177;(3,4);outputNeighborhood;<1>
0;177;(3,4);;<1>
0;178;(9,19);outputNeighborhood;<0>
0;178;(9,19);;<0>
0;179;(8,19);outputNeighborhood;<0>
0;179;(8,19);;<0>
0;180;(14,8);outputNeighborhood;<1>
0;180;(14,8);;<1>
0;181;(17,15);outputNeighborhood;<1>
0;181;(17,15);;<1>
0;182;(17,8);outputNeighborhood;<1>
0;182;(17,8);;<1>
0;183;(11,16);outputNeighborhood;<1>
0;183;(11,16);;<3>
0;184;(5,1);outputNeighborhood;<1>
0;184;(5,1);;<3>
0;185;(4,3);outputNeighborhood;<1>
0;185;(4,3);;<1>
0;186;(18,9);outputNeighborhood;<1>
0;186;(18,9);;<0>
0;187;(2,5);outputNeighborhood;<0>
0;187;(2,5);;<0>
0;188;(17,5);outputNeighborhood;<1>
0;188;(17,5);;<1>
0;189;(14,15);outputNeighborhood;<1>
0;189;(14,15);;<3>
0;190;(4,11);outputNeighborhood;<1>
0;190;(4,11);;<1>
0;191;(6,12);outputNeighborhood;<1>
0;191;(6,12);;<1>
0;192;(15,2);outputNeighborhood;<0>
0;192;(15,2);;<0>
0;193;(11,2);outputNeighborhood;<1>
0;193;(11,2);;<3>
0;194;(10,2);outputNeighborhood;<1>
0;194;(10,2);;<1>
0;195;(18,17);outputNeighborhood;<1>
0;195;(18,17);;<0>
0;196;(18,2);outputNeighborhood;<1>
0;196;(18,2);;<1>
0;197;(6,0);outputNeighborhood;<0>
0;197;(6,0);;<0>
0;198;(7,4);outputNeighborhood;<0>
0;198;(7,4);;<0>
0;199;(17,4);outputNeighborhood;<1>
0;199;(17,4);;<1>
0;200;(4,17);outputNeighborhood;<0>
0;200;(4,17);;<0>
0;201;(12,15);outputNeighborhood;<0>
0;201;(12,15);;<0>
0;202;(6,2);outputNeighborhood;<1>
0;202;(6,2);;<0>
0;203;(3,0);outputNeighborhood;<0>
0;203;(3,0);;<0>
0;204;(3,5);outputNeighborhood;<1>
0;204;(3,5);;<1>
0;205;(14,6);outputNeighborhood;<1>
0;205;(14,6);;<1>
0;206;(3,10);outputNeighborhood;<1>
0;206;(3,10);;<1>
0;207;(4,9);outputNeighborhood;<1>
0;207;(4,9);;<1>
0;208;(5,9);outputNeighborhood;<1>
0;208;(5,9);;<1>
0;209;(4,10);outputNeighborhood;<1>
0;209;(4,10);;<1>
0;210;(1,1);outputNeighborhood;<1>
0;210;(1,1);;<0>
0;211;(17,6);outputNeighborhood;<1>
0;211;(17,6);;<1>
0;212;(14,3);outputNeighborhood;<0>
0;212;(14,3);;<0>
0;213;(14,13);outputNeighborhood;<1>
0;213;(14,13);;<3>
0;214;(17,13);outputNeighborhood;<0>
0;214;(17,13);;<0>
0;215;(14,12);outputNeighborhood;<0>
0;215;(14,12);;<0>
0;216;(4,0);outputNeighborhood;<0>
0;216;(4,0);;<0>
0;217;(11,19);outputNeighborhood;<0>
0;217;(11,19);;<0>
0;218;(14,7);outputNeighborhood;<1>
0;218;(14,7);;<1>
0;219;(19,14);outputNeighborhood;<0>
0;219;(19,14);;<0>
0;220;(14,2);outputNeighborhood;<0>
0;220;(14,2);;<0>
0;221;(6,17);outputNeighborhood;<1>
0;221;(6,17);;<3>
0;222;(14,4);outputNeighborhood;<1>
0;222;(14,4);;<1>
0;223;(8,12);outputNeighborhood;<1>
0;223;(8,12);;<3>
0;224;(16,6);outputNeighborhood;<1>
0;224;(16,6);;<1>
0;225;(0,15);outputNeighborhood;<0>
0;225;(0,15);;<0>
0;226;(4,13);outputNeighborhood;<1>
0;226;(4,13);;<1>
0;227;(4,15);outputNeighborhood;<1>
0;227;(4,15);;<1>
0;228;(17,0);outputNeighborhood;<0>
0;228;(17,0);;<0>
0;229;(19,17);outputNeighborhood;<0>
0;229;(19,17);;<0>
0;230;(2,2);outputNeighborhood;<1>
0;230;(2,2);;<3>
0;231;(3,8);outputNeighborhood;<1>
0;231;(3,8);;<3>
0;232;(5,11);outputNeighborhood;<1>
0;232;(5,11);;<1>
0;233;(9,12);outputNeighborhood;<1>
0;233;(9,12);;<1>
0;234;(16,14);outputNeighborhood;<1>
0;234;(16,14);;<1>
0;235;(2,3);outputNeighborhood;<1>
0;235;(2,3);;<1>
0;236;(3,9);outputNeighborhood;<1>
0;236;(3,9);;<1>
0;237;(3,1);outputNeighborhood;<0>
0;237;(3,1);;<0>
0;238;(5,10);outputNeighborhood;<1>
0;238;(5,10);;<1>
0;239;(13,6);outputNeighborhood;<1>
0;239;(13,6);;<3>
0;240;(19,8);outputNeighborhood;<0>
0;240;(19,8);;<0>
0;241;(11,9);outputNeighborhood;<1>
0;241;(11,9);;<0>
0;242;(16,3);outputNeighborhood;<0>
0;242;(16,3);;<0>
0;243;(17,3);outputNeighborhood;<1>
0;243;(17,3);;<1>
0;244;(18,13);outputNeighborhood;<0>
0;244;(18,13);;<0>
0;245;(8,17);outputNeighborhood;<1>
0;245;(8,17);;<0>
0;246;(4,4);outputNeighborhood;<1>
0;246;(4,4);;<1>
0;247;(7,3);outputNeighborhood;<0>
0;247;(7,3);;<0>
0;248;(14,9);outputNeighborhood;<0>
0;248;(14,9);;<0>
0;249;(12,9);outputNeighborhood;<1>
0;249;(12,9);;<3>
0;250;(11,4);outputNeighborhood;<1>
0;250;(11,4);;<3>
0;251;(9,7);outputNeighborhood;<0>
0;251;(9,7);;<0>
0;252;(12,4);outputNeighborhood;<1>
0;252;(12,4);;<1>
0;253;(16,19);outputNeighborhood;<0>
0;253;(16,19);;<0>
0;254;(13,2);outputNeighborhood;<0>
0;254;(13,2);;<0>
0;255;(18,1);outputNeighborhood;<1>
0;255;(18,1);;<0>
0;256;(5,16);outputNeighborhood;<1>
0;256;(5,16);;<1>
0;257;(13,4);outputNeighborhood;<1>
0;257;(13,4);;<3>
0;258;(15,9);outputNeighborhood;<0>
0;258;(15,9);;<0>
0;259;(5,18);outputNeighborhood;<1>
0;259;(5,18);;<0>
0;260;(8,3);outputNeighborhood;<1>
0;260;(8,3);;<0>
0;261;(5,5);outputNeighborhood;<0>
0;261;(5,5);;<0>
0;262;(6,8);outputNeighborhood;<1>
0;262;(6,8);;<1>
0;263;(18,11);outputNeighborhood;<1>
0;263;(18,11);;<0>
0;264;(11,1);outputNeighborhood;<1>
0;264;(11,1);;<1>
0;265;(12,2);outputNeighborhood;<1>
0;265;(12,2);;<3>
0;266;(13,0);outputNeighborhood;<0>
0;266;(13,0);;<0>
0;267;(3,6);outputNeighborhood;<0>
0;267;(3,6);;<0>
0;268;(10,19);outputNeighborhood;<0>
0;268;(10,19);;<0>
0;269;(6,6);outputNeighborhood;<1>
0;269;(6,6);;<0>
0;270;(10,9);outputNeighborhood;<0>
0;270;(10,9);;<0>
0;271;(1,18);outputNeighborhood;<1>
0;271;(1,18);;<0>
0;272;(9,18);outputNeighborhood;<1>
0;272;(9,18);;<1>
0;273;(12,0);outputNeighborhood;<0>
0;273;(12,0);;<0>
0;274;(0,18);outputNeighborhood;<0>
0;274;(0,18);;<0>
0;275;(0,12);outputNeighborhood;<0>
0;275;(0,12);;<0>
0;276;(19,10);outputNeighborhood;<0>
0;276;(19,10);;<0>
0;277;(9,1);outputNeighborhood;<0>
0;277;(9,1);;<0>
0;278;(19,13);outputNeighborhood;<0>
0;278;(19,13);;<0>
0;279;(15,5);outputNeighborhood;<1>
0;279;(15,5);;<1>
0;280;(11,6);outputNeighborhood;<1>
0;280;(11,6);;<0>
0;281;(15,6);outputNeighborhood;<1>
0;281;(15,6);;<1>
0;282;(6,3);outputNeighborhood;<0>
0;282;(6,3);;<0>
0;283;(11,3);outputNeighborhood;<1>
0;283;(11,3);;<3>
0;284;(15,10);outputNeighborhood;<0>
0;284;(15,10);;<0>
0;285;(18,18);outputNeighborhood;<1>
0;285;(18,18);;<0>
0;286;(8,5);outputNeighborhood;<0>
0;286;(8,5);;<0>
0;287;(12,6);outputNeighborhood;<0>
0;287;(12,6);;<0>
0;288;(4,5);outputNeighborhood;<1>
0;288;(4,5);;<0>
0;289;(13,5);outputNeighborhood;<1>
0;289;(13,5);;<1>
0;290;(2,4);outputNeighborhood;<1>
0;290;(2,4);;<1>
0;291;(1,17);outputNeighborhood;<1>
0;291;(1,17);;<0>
0;292;(7,1);outputNeighborhood;<0>
0;292;(7,1);;<0>
0;293;(13,7);outputNeighborhood;<1>
0;293;(13,7);;<1>
0;294;(7,10);outputNeighborhood;<0>
0;294;(7,10);;<0>
0;295;(15,14);outputNeighborhood;<1>
0;295;(15,14);;<1>
0;296;(17,7);outputNeighborhood;<1>
0;296;(17,7);;<1>
0;297;(17,14);outputNeighborhood;<1>
0;297;(17,14);;<1>
0;298;(1,12);outputNeighborhood;<1>
0;298;(1,12);;<1>
0;299;(18,14);outputNeighborhood;<1>
0;299;(18,14);;<0>
0;300;(1,15);outputNeighborhood;<1>
0;300;(1,15);;<0>
0;301;(5,2);outputNeighborhood;<1>
0;301;(5,2);;<3>
0;302;(3,15);outputNeighborhood;<1>
0;302;(3,15);;<1>
0;303;(13,14);outputNeighborhood;<1>
0;303;(13,14);;<1>
0;304;(5,12);outputNeighborhood;<1>
0;304;(5,12);;<1>
0;305;(11,15);outputNeighborhood;<1>
0;305;(11,15);;<3>
0;306;(13,15);outputNeighborhood;<1>
0;306;(13,15);;<1>
0;307;(1,19);outputNeighborhood;<0>
0;307;(1,19);;<0>
0;308;(4,1);outputNeighborhood;<1>
0;308;(4,1);;<0>
0;309;(15,15);outputNeighborhood;<1>
0;309;(15,15);;<1>
0;310;(16,15);outputNeighborhood;<1>
0;310;(16,15);;<1>
0;311;(1,0);outputNeighborhood;<0>
0;311;(1,0);;<0>
0;312;(12,1);outputNeighborhood;<1>
0;312;(12,1);;<0>
0;313;(14,0);outputNeighborhood;<0>
0;313;(14,0);;<0>
0;314;(12,11);outputNeighborhood;<0>
0;314;(12,11);;<0>
0;315;(18,15);outputNeighborhood;<1>
0;315;(18,15);;<0>
0;316;(4,16);outputNeighborhood;<1>
0;316;(4,16);;<1>
0;317;(19,5);outputNeighborhood;<0>
0;317;(19,5);;<0>
0;318;(6,7);outputNeighborhood;<1>
0;318;(6,7);;<0>
0;319;(9,0);outputNeighborhood;<0>
0;319;(9,0);;<0>
0;320;(14,16);outputNeighborhood;<1>
0;320;(14,16);;<1>
0;321;(16,17);outputNeighborhood;<0>
0;321;(16,17);;<0>
0;322;(19,3);outputNeighborhood;<0>
0;322;(19,3);;<0>
0;323;(2,11);outputNeighborhood;<1>
0;323;(2,11);;<1>
0;324;(16,16);outputNeighborhood;<1>
0;324;(16,16);;<3>
0;325;(5,17);outputNeighborhood;<1>
0;325;(5,17);;<1>
0;326;(10,17);outputNeighborhood;<1>
0;326;(10,17);;<1>
0;327;(15,17);outputNeighborhood;<1>
0;327;(15,17);;<0>
0;328;(2,18);outputNeighborhood;<1>
0;328;(2,18);;<1>
0;329;(14,1);outputNeighborhood;<0>
0;329;(14,1);;<0>
0;330;(3,18);outputNeighborhood;<1>
0;330;(3,18);;<0>
0;331;(6,18);outputNeighborhood;<1>
0;331;(6,18);;<0>
0;332;(0,1);outputNeighborhood;<0>
0;332;(0,1);;<0>
0;333;(6,13);outputNeighborhood;<1>
0;333;(6,13);;<1>
0;334;(0,3);outputNeighborhood;<0>
0;334;(0,3);;<0>
0;335;(8,18);outputNeighborhood;<1>
0;335;(8,18);;<0>
0;336;(4,2);outputNeighborhood;<1>
0;336;(4,2);;<1>
0;337;(10,18);outputNeighborhood;<1>
0;337;(10,18);;<1>
0;338;(10,16);outputNeighborhood;<1>
0;338;(10,16);;<1>
0;339;(14,5);outputNeighborhood;<1>
0;339;(14,5);;<1>
0;340;(2,0);outputNeighborhood;<0>
0;340;(2,0);;<0>
0;341;(11,18);outputNeighborhood;<1>
0;341;(11,18);;<0>
0;342;(11,0);outputNeighborhood;<0>
0;342;(11,0);;<0>
0;343;(0,0);outputNeighborhood;<0>
0;343;(0,0);;<0>
0;344;(7,0);outputNeighborhood;<0>
0;344;(7,0);;<0>
0;345;(8,0);outputNeighborhood;<0>
0;345;(8,0);;<0>
0;346;(13,19);outputNeighborhood;<0>
0;346;(13,19);;<0>
0;347;(3,16);outputNeighborhood;<0>
0;347;(3,16);;<0>
0;348;(0,13);outputNeighborhood;<0>
0;348;(0,13);;<0>
0;349;(19,2);outputNeighborhood;<0>
0;349;(19,2);;<0>
0;350;(10,0);outputNeighborhood;<0>
0;350;(10,0);;<0>
0;351;(16,0);outputNeighborhood;<0>
0;351;(16,0);;<0>
0;352;(15,16);outputNeighborhood;<1>
0;352;(15,16);;<1>
0;353;(6,1);outputNeighborhood;<0>
0;353;(6,1);;<0>
0;354;(12,17);outputNeighborhood;<0>
0;354;(12,17);;<0>
0;355;(8,1);outputNeighborhood;<0>
0;355;(8,1);;<0>
0;356;(7,2);outputNeighborhood;<0>
0;356;(7,2);;<0>
0;357;(15,1);outputNeighborhood;<0>
0;357;(15,1);;<0>
0;358;(17,1);outputNeighborhood;<0>
0;358;(17,1);;<0>
0;359;(6,16);outputNeighborhood;<1>
0;359;(6,16);;<3>
0;360;(16,1);outputNeighborhood;<0>
0;360;(16,1);;<0>
0;361;(9,17);outputNeighborhood;<1>
0;361;(9,17);;<1>
0;362;(10,3);outputNeighborhood;<1>
0;362;(10,3);;<1>
0;363;(19,1);outputNeighborhood;<0>
0;363;(19,1);;<0>
0;364;(0,2);outputNeighborhood;<0>
0;364;(0,2);;<0>
0;365;(3,2);outputNeighborhood;<0>
0;365;(3,2);;<1>
0;366;(16,2);outputNeighborhood;<0>
0;366;(16,2);;<0>
0;367;(1,6);outputNeighborhood;<0>
0;367;(1,6);;<0>
0;368;(1,3);outputNeighborhood;<0>
0;368;(1,3);;<0>
0;369;(2,12);outputNeighborhood;<1>
0;369;(2,12);;<1>
0;370;(0,4);outputNeighborhood;<0>
0;370;(0,4);;<0>
0;371;(6,4);outputNeighborhood;<0>
0;371;(6,4);;<0>
0;372;(19,4);outputNeighborhood;<0>
0;372;(19,4);;<0>
0;373;(7,9);outputNeighborhood;<0>
0;373;(7,9);;<0>
0;374;(8,4);outputNeighborhood;<0>
0;374;(8,4);;<0>
0;375;(0,8);outputNeighborhood;<0>
0;375;(0,8);;<0>
0;376;(10,4);outputNeighborhood;<0>
0;376;(10,4);;<0>
0;377;(18,4);outputNeighborhood;<0>
0;377;(18,4);;<0>
0;378;(7,5);outputNeighborhood;<0>
0;378;(7,5);;<0>
0;379;(9,5);outputNeighborhood;<0>
0;379;(9,5);;<0>
0;380;(10,5);outputNeighborhood;<0>
0;380;(10,5);;<0>
0;381;(12,5);outputNeighborhood;<0>
0;381;(12,5);;<0>
0;382;(18,5);outputNeighborhood;<0>
0;382;(18,5);;<0>
0;383;(11,11);outputNeighborhood;<0>
0;383;(11,11);;<0>
0;384;(2,6);outputNeighborhood;<0>
0;384;(2,6);;<0>
0;385;(6,11);outputNeighborhood;<1>
0;385;(6,11);;<1>
0;386;(11,5);outputNeighborhood;<0>
0;386;(11,5);;<0>
0;387;(4,6);outputNeighborhood;<0>
0;387;(4,6);;<0>
0;388;(14,11);outputNeighborhood;<0>
0;388;(14,11);;<0>
0;389;(1,5);outputNeighborhood;<0>
0;389;(1,5);;<0>
0;390;(5,6);outputNeighborhood;<0>
0;390;(5,6);;<0>
0;391;(7,19);outputNeighborhood;<0>
0;391;(7,19);;<0>
0;392;(7,6);outputNeighborhood;<0>
0;392;(7,6);;<0>
0;393;(10,15);outputNeighborhood;<1>
0;393;(10,15);;<3>
0;394;(9,6);outputNeighborhood;<0>
0;394;(9,6);;<0>
0;395;(19,0);outputNeighborhood;<0>
0;395;(19,0);;<0>
0;396;(17,18);outputNeighborhood;<1>
0;396;(17,18);;<0>
0;397;(10,6);outputNeighborhood;<0>
0;397;(10,6);;<0>
0;398;(10,8);outputNeighborhood;<0>
0;398;(10,8);;<0>
0;399;(0,6);outputNeighborhood;<0>
0;399;(0,6);;<0>
0;400;(19,6);outputNeighborhood;<0>
0;400;(19,6);;<0>
1;1;(19,19);;<0>
1;2;(18,19);;<0>
1;3;(17,19);;<0>
1;6;(6,19);;<0>
1;7;(5,19);;<0>
1;8;(2,19);;<0>
1;9;(0,19);;<0>
1;10;(19,18);;<0>
1;11;(14,18);;<0>
1;12;(12,18);;<0>
1;13;(4,18);;<0>
1;14;(17,17);;<0>
1;15;(14,17);;<0>
1;16;(7,17);;<0>
1;17;(3,17);;<0>
1;18;(0,17);;<0>
1;19;(19,16);;<0>
1;20;(18,16);;<0>
1;21;(17,16);;<0>
1;22;(12,16);;<0>
1;23;(7,18);;<0>
1;24;(9,16);;<0>
1;25;(7,16);;<0>
1;26;(1,16);;<0>
1;27;(0,16);;<0>
1;28;(19,15);;<0>
1;29;(9,15);;<0>
1;30;(2,15);;<0>
1;31;(12,14);;<0>
1;32;(11,14);;<0>
1;33;(6,14);;<0>
1;34;(5,14);outputNeighborhood;<1>
1;34;(5,14);;<1>
1;35;(13,13);;<0>
1;37;(11,13);;<0>
1;38;(8,13);;<0>
1;39;(7,13);;<0>
1;40;(19,12);;<0>
1;41;(18,12);;<0>
1;42;(17,12);;<0>
1;43;(16,12);;<0>
1;44;(13,12);;<0>
1;46;(19,11);;<0>
1;47;(17,11);;<0>
1;48;(16,11);;<0>
1;49;(15,11);;<0>
1;50;(11,12);;<0>
1;52;(10,11);;<0>
1;53;(9,11);;<0>
1;54;(8,11);;<0>
1;57;(17,10);;<0>
1;58;(16,10);;<0>
1;60;(13,10);;<0>
1;61;(12,10);;<0>
1;62;(11,10);;<0>
1;63;(10,10);;<0>
1;66;(0,10);;<0>
1;67;(19,9);;<0>
1;70;(0,9);;<0>
1;71;(18,8);;<0>
1;74;(7,8);;<0>
1;75;(2,8);;<0>
1;77;(1,8);;<0>
1;78;(19,7);;<0>
1;80;(7,14);;<0>
1;82;(12,7);outputNeighborhood;<1>
1;82;(12,7);;<1>
1;83;(10,7);;<0>
1;85;(15,18);;<0>
1;86;(7,7);;<0>
1;87;(8,14);;<0>
1;88;(5,7);;<0>
1;89;(4,7);;<0>
1;90;(3,7);;<0>
1;91;(2,7);;<0>
1;93;(10,14);;<3>
1;94;(9,2);;<0>
1;95;(9,14);outputNeighborhood;<3>
1;95;(9,14);;<3>
1;96;(4,14);;<1>
1;97;(8,15);;<0>
1;98;(2,14);outputNeighborhood;<3>
1;98;(2,14);;<1>
1;99;(15,13);;<1>
1;100;(5,13);;<1>
1;101;(2,13);;<1>
1;102;(15,12);outputNeighborhood;<0>
1;102;(15,12);;<0>
1;103;(2,17);;<0>
1;106;(7,11);;<3>
1;107;(10,13);;<1>
1;108;(9,4);;<0>
1;110;(18,0);;<0>
1;111;(12,19);;<0>
1;112;(18,10);outputNeighborhood;<0>
1;112;(18,10);;<0>
1;113;(7,12);;<1>
1;115;(1,14);outputNeighborhood;<3>
1;115;(1,14);;<3>
1;116;(2,10);;<3>
1;117;(16,13);;<1>
1;118;(17,9);outputNeighborhood;<0>
1;118;(17,9);;<0>
1;119;(0,14);;<0>
1;120;(13,9);;<1>
1;121;(1,2);outputNeighborhood;<3>
1;121;(1,2);;<3>
1;122;(3,14);;<1>
1;123;(6,10);;<1>
1;124;(11,17);;<1>
1;127;(2,9);;<1>
1;128;(13,8);;<1>
1;129;(12,8);outputNeighborhood;<3>
1;129;(12,8);;<1>
1;130;(6,15);outputNeighborhood;<0>
1;130;(6,15);;<0>
1;131;(16,18);;<0>
1;132;(6,9);outputNeighborhood;<3>
1;132;(6,9);;<3>
1;133;(11,8);outputNeighborhood;<3>
1;133;(11,8);;<3>
1;134;(1,13);;<1>
1;136;(3,19);;<0>
1;137;(4,8);outputNeighborhood;<3>
1;137;(4,8);;<3>
1;138;(18,7);outputNeighborhood;<3>
1;138;(18,7);;<3>
1;140;(1,10);;<0>
1;141;(1,9);outputNeighborhood;<0>
1;141;(1,9);;<0>
1;142;(5,0);;<0>
1;143;(13,16);;<0>
1;145;(2,16);;<0>
1;146;(12,3);outputNeighborhood;<3>
1;146;(12,3);;<1>
1;148;(8,16);;<0>
1;149;(5,4);;<0>
1;150;(3,3);;<2>
1;151;(2,1);outputNeighborhood;<0>
1;151;(2,1);;<0>
1;152;(18,6);;<1>
1;153;(5,8);;<3>
1;154;(11,7);outputNeighborhood;<0>
1;154;(11,7);;<0>
1;156;(8,2);outputNeighborhood;<0>
1;156;(8,2);;<0>
1;157;(7,15);;<0>
1;158;(14,14);outputNeighborhood;<3>
1;158;(14,14);;<1>
1;161;(9,3);;<0>
1;162;(5,15);;<1>
1;163;(16,9);;<0>
1;164;(6,5);outputNeighborhood;<0>
1;164;(6,5);;<0>
1;166;(10,1);;<0>
1;167;(3,13);;<1>
1;168;(16,8);;<0>
1;169;(10,12);outputNeighborhood;<0>
1;169;(10,12);;<0>
1;170;(13,1);;<0>
1;171;(4,19);;<0>
1;172;(13,3);outputNeighborhood;<3>
1;172;(13,3);;<3>
1;173;(5,3);;<3>
1;174;(9,13);outputNeighborhood;<3>
1;174;(9,13);;<3>
1;176;(17,2);;<0>
1;177;(3,4);;<1>
1;178;(9,19);;<0>
1;179;(8,19);;<0>
1;181;(17,15);;<1>
1;182;(17,8);;<0>
1;183;(11,16);outputNeighborhood;<3>
1;183;(11,16);;<3>
1;184;(5,1);outputNeighborhood;<3>
1;184;(5,1);;<3>
1;185;(4,3);;<1>
1;186;(18,9);outputNeighborhood;<0>
1;186;(18,9);;<0>
1;189;(14,15);outputNeighborhood;<3>
1;189;(14,15);;<1>
1;193;(11,2);outputNeighborhood;<3>
1;193;(11,2);;<1>
1;194;(10,2);;<3>
1;195;(18,17);outputNeighborhood;<0>
1;195;(18,17);;<0>
1;196;(18,2);;<0>
1;197;(6,0);;<0>
1;198;(7,4);;<0>
1;200;(4,17);;<0>
1;201;(12,15);;<0>
1;202;(6,2);outputNeighborhood;<0>
1;202;(6,2);;<0>
1;203;(3,0);;<0>
1;204;(3,5);;<0>
1;205;(14,6);;<2>
1;207;(4,9);;<1>
1;208;(5,9);;<1>
1;210;(1,1);outputNeighborhood;<0>
1;210;(1,1);;<0>
1;211;(17,6);;<1>
1;212;(14,3);;<0>
1;213;(14,13);outputNeighborhood;<3>
1;213;(14,13);;<3>
1;214;(17,13);;<0>
1;215;(14,12);;<0>
1;216;(4,0);;<0>
1;217;(11,19);;<0>
1;218;(14,7);;<3>
1;219;(19,14);;<0>
1;220;(14,2);;<0>
1;221;(6,17);outputNeighborhood;<3>
1;221;(6,17);;<3>
1;222;(14,4);;<1>
1;223;(8,12);outputNeighborhood;<3>
1;223;(8,12);;<3>
1;225;(0,15);;<0>
1;226;(4,13);;<1>
1;227;(4,15);;<1>
1;228;(17,0);;<0>
1;229;(19,17);;<0>
1;230;(2,2);outputNeighborhood;<3>
1;230;(2,2);;<3>
1;231;(3,8);outputNeighborhood;<3>
1;231;(3,8);;<3>
1;233;(9,12);;<0>
1;235;(2,3);;<1>
1;236;(3,9);;<1>
1;237;(3,1);;<0>
1;238;(5,10);;<1>
1;239;(13,6);outputNeighborhood;<3>
1;239;(13,6);;<1>
1;240;(19,8);;<0>
1;241;(11,9);outputNeighborhood;<0>
1;241;(11,9);;<0>
1;244;(18,13);;<0>
1;245;(8,17);outputNeighborhood;<0>
1;245;(8,17);;<0>
1;246;(4,4);;<1>
1;247;(7,3);;<0>
1;249;(12,9);outputNeighborhood;<3>
1;249;(12,9);;<3>
1;250;(11,4);outputNeighborhood;<3>
1;250;(11,4);;<3>
1;252;(12,4);;<1>
1;253;(16,19);;<0>
1;254;(13,2);;<0>
1;255;(18,1);outputNeighborhood;<0>
1;255;(18,1);;<0>
1;256;(5,16);;<3>
1;257;(13,4);outputNeighborhood;<3>
1;257;(13,4);;<1>
1;259;(5,18);outputNeighborhood;<0>
1;259;(5,18);;<0>
1;260;(8,3);outputNeighborhood;<0>
1;260;(8,3);;<0>
1;261;(5,5);;<0>
1;262;(6,8);;<0>
1;263;(18,11);outputNeighborhood;<0>
1;263;(18,11);;<0>
1;264;(11,1);;<0>
1;265;(12,2);outputNeighborhood;<3>
1;265;(12,2);;<3>
1;266;(13,0);;<0>
1;267;(3,6);;<0>
1;268;(10,19);;<0>
1;269;(6,6);outputNeighborhood;<0>
1;269;(6,6);;<0>
1;270;(10,9);;<0>
1;271;(1,18);outputNeighborhood;<0>
1;271;(1,18);;<0>
1;272;(9,18);;<0>
1;273;(12,0);;<0>
1;274;(0,18);;<0>
1;276;(19,10);;<0>
1;277;(9,1);;<0>
1;278;(19,13);;<0>
1;280;(11,6);outputNeighborhood;<0>
1;280;(11,6);;<0>
1;282;(6,3);;<0>
1;283;(11,3);outputNeighborhood;<3>
1;283;(11,3);;<1>
1;285;(18,18);outputNeighborhood;<0>
1;285;(18,18);;<0>
1;287;(12,6);;<0>
1;288;(4,5);outputNeighborhood;<0>
1;288;(4,5);;<0>
1;289;(13,5);;<1>
1;291;(1,17);outputNeighborhood;<0>
1;291;(1,17);;<0>
1;292;(7,1);;<0>
1;293;(13,7);;<1>
1;294;(7,10);;<0>
1;295;(15,14);;<1>
1;296;(17,7);;<1>
1;297;(17,14);;<1>
1;299;(18,14);outputNeighborhood;<0>
1;299;(18,14);;<0>
1;300;(1,15);outputNeighborhood;<0>
1;300;(1,15);;<0>
1;301;(5,2);outputNeighborhood;<3>
1;301;(5,2);;<3>
1;302;(3,15);;<3>
1;303;(13,14);;<3>
1;305;(11,15);outputNeighborhood;<3>
1;305;(11,15);;<3>
1;306;(13,15);;<1>
1;307;(1,19);;<0>
1;308;(4,1);outputNeighborhood;<0>
1;308;(4,1);;<0>
1;309;(15,15);;<1>
1;310;(16,15);;<1>
1;311;(1,0);;<0>
1;312;(12,1);outputNeighborhood;<0>
1;312;(12,1);;<0>
1;315;(18,15);outputNeighborhood;<0>
1;315;(18,15);;<0>
1;318;(6,7);outputNeighborhood;<0>
1;318;(6,7);;<0>
1;320;(14,16);;<1>
1;321;(16,17);;<0>
1;324;(16,16);outputNeighborhood;<3>
1;324;(16,16);;<3>
1;325;(5,17);;<1>
1;326;(10,17);;<3>
1;327;(15,17);outputNeighborhood;<0>
1;327;(15,17);;<0>
1;328;(2,18);;<0>
1;330;(3,18);outputNeighborhood;<0>
1;330;(3,18);;<0>
1;331;(6,18);outputNeighborhood;<0>
1;331;(6,18);;<0>
1;332;(0,1);;<0>
1;333;(6,13);;<3>
1;334;(0,3);;<0>
1;335;(8,18);outputNeighborhood;<0>
1;335;(8,18);;<0>
1;336;(4,2);;<1>
1;337;(10,18);;<1>
1;338;(10,16);;<1>
1;339;(14,5);;<1>
1;340;(2,0);;<0>
1;341;(11,18);outputNeighborhood;<0>
1;341;(11,18);;<0>
1;342;(11,0);;<0>
1;343;(0,0);;<0>
1;348;(0,13);;<0>
1;349;(19,2);;<0>
1;352;(15,16);;<1>
1;353;(6,1);;<0>
1;354;(12,17);;<0>
1;355;(8,1);;<0>
1;356;(7,2);;<0>
1;358;(17,1);;<0>
1;359;(6,16);outputNeighborhood;<3>
1;359;(6,16);;<3>
1;361;(9,17);;<3>
1;362;(10,3);;<3>
1;363;(19,1);;<0>
1;364;(0,2);;<0>
1;365;(3,2);outputNeighborhood;<1>
1;365;(3,2);;<3>
1;368;(1,3);;<0>
1;371;(6,4);;<0>
1;373;(7,9);;<0>
1;374;(8,4);;<0>
1;375;(0,8);;<0>
1;376;(10,4);;<0>
1;378;(7,5);;<0>
1;380;(10,5);;<0>
1;381;(12,5);;<0>
1;383;(11,11);;<0>
1;386;(11,5);;<0>
1;387;(4,6);;<0>
1;388;(14,11);;<0>
1;390;(5,6);;<0>
1;391;(7,19);;<0>
1;392;(7,6);;<0>
1;393;(10,15);outputNeighborhood;<3>
1;393;(10,15);;<3>
1;395;(19,0);;<0>
1;396;(17,18);outputNeighborhood;<0>
1;396;(17,18);;<0>
1;397;(10,6);;<0>
1;398;(10,8);;<0>
1;400;(19,6);;<0>
2;8;(2,19);;<0>
2;17;(3,17);;<0>
2;24;(9,16);;<0>
2;26;(1,16);;<0>
2;29;(9,15);;<0>
2;30;(2,15);;<0>
2;31;(12,14);;<0>
2;32;(11,14);;<0>
2;33;(6,14);;<0>
2;34;(5,14);;<3>
2;35;(13,13);;<0>
2;36;(12,13);;<0>
2;37;(11,13);;<0>
2;38;(8,13);;<0>
2;39;(7,13);;<0>
2;52;(10,11);;<0>
2;53;(9,11);;<0>
2;54;(8,11);;<0>
2;55;(1,11);;<0>
2;56;(0,11);;<0>
2;65;(8,10);;<0>
2;66;(0,10);;<0>
2;70;(0,9);;<0>
2;71;(18,8);;<0>
2;72;(15,8);;<0>
2;74;(7,8);;<0>
2;80;(7,14);;<0>
2;81;(16,7);;<0>
2;82;(12,7);;<1>
2;86;(7,7);;<0>
2;88;(5,7);;<0>
2;89;(4,7);;<0>
2;93;(10,14);outputNeighborhood;<3>
2;93;(10,14);;<3>
2;94;(9,2);outputNeighborhood;<0>
2;94;(9,2);;<0>
2;95;(9,14);;<3>
2;96;(4,14);;<1>
2;98;(2,14);outputNeighborhood;<1>
2;98;(2,14);;<1>
2;99;(15,13);;<1>
2;100;(5,13);;<1>
2;101;(2,13);;<1>
2;103;(2,17);outputNeighborhood;<0>
2;103;(2,17);;<0>
2;106;(7,11);outputNeighborhood;<3>
2;106;(7,11);;<3>
2;107;(10,13);;<0>
2;108;(9,4);;<0>
2;109;(3,11);;<1>
2;113;(7,12);;<1>
2;115;(1,14);;<3>
2;116;(2,10);outputNeighborhood;<3>
2;116;(2,10);;<3>
2;118;(17,9);;<0>
2;120;(13,9);;<3>
2;122;(3,14);;<1>
2;123;(6,10);;<3>
2;124;(11,17);;<1>
2;127;(2,9);;<1>
2;128;(13,8);;<3>
2;129;(12,8);outputNeighborhood;<1>
2;129;(12,8);;<1>
2;130;(6,15);;<0>
2;132;(6,9);;<3>
2;133;(11,8);;<3>
2;134;(1,13);;<1>
2;136;(3,19);;<0>
2;137;(4,8);;<3>
2;138;(18,7);;<3>
2;140;(1,10);outputNeighborhood;<0>
2;140;(1,10);;<0>
2;141;(1,9);;<0>
2;143;(13,16);;<0>
2;144;(15,7);;<3>
2;145;(2,16);;<0>
2;146;(12,3);outputNeighborhood;<1>
2;146;(12,3);;<3>
2;148;(8,16);;<0>
2;149;(5,4);;<0>
2;150;(3,3);outputNeighborhood;<2>
2;150;(3,3);;<2>
2;151;(2,1);;<0>
2;153;(5,8);outputNeighborhood;<3>
2;153;(5,8);;<3>
2;154;(11,7);;<0>
2;156;(8,2);;<0>
2;158;(14,14);outputNeighborhood;<1>
2;158;(14,14);;<1>
2;161;(9,3);outputNeighborhood;<0>
2;161;(9,3);;<0>
2;162;(5,15);;<1>
2;163;(16,9);;<0>
2;165;(18,3);;<0>
2;166;(10,1);;<0>
2;167;(3,13);;<1>
2;168;(16,8);;<0>
2;169;(10,12);;<0>
2;172;(13,3);;<3>
2;173;(5,3);outputNeighborhood;<3>
2;173;(5,3);;<3>
2;174;(9,13);;<3>
2;176;(17,2);outputNeighborhood;<0>
2;176;(17,2);;<0>
2;177;(3,4);;<1>
2;178;(9,19);;<0>
2;179;(8,19);;<0>
2;180;(14,8);;<1>
2;182;(17,8);outputNeighborhood;<0>
2;182;(17,8);;<0>
2;183;(11,16);;<3>
2;185;(4,3);;<3>
2;186;(18,9);;<0>
2;187;(2,5);;<0>
2;189;(14,15);outputNeighborhood;<1>
2;189;(14,15);;<3>
2;191;(6,12);;<1>
2;193;(11,2);outputNeighborhood;<1>
2;193;(11,2);;<1>
2;194;(10,2);outputNeighborhood;<3>
2;194;(10,2);;<3>
2;196;(18,2);outputNeighborhood;<0>
2;196;(18,2);;<0>
2;200;(4,17);;<0>
2;201;(12,15);;<0>
2;202;(6,2);;<0>
2;204;(3,5);outputNeighborhood;<0>
2;204;(3,5);;<0>
2;205;(14,6);outputNeighborhood;<2>
2;205;(14,6);;<2>
2;206;(3,10);;<1>
2;207;(4,9);;<1>
2;208;(5,9);;<1>
2;212;(14,3);;<0>
2;213;(14,13);;<3>
2;218;(14,7);outputNeighborhood;<3>
2;218;(14,7);;<1>
2;221;(6,17);;<3>
2;222;(14,4);;<3>
2;223;(8,12);;<3>
2;227;(4,15);;<1>
2;230;(2,2);;<3>
2;233;(9,12);outputNeighborhood;<0>
2;233;(9,12);;<0>
2;235;(2,3);;<1>
2;236;(3,9);;<1>
2;237;(3,1);;<0>
2;239;(13,6);outputNeighborhood;<1>
2;239;(13,6);;<1>
2;241;(11,9);;<0>
2;242;(16,3);;<0>
2;243;(17,3);;<0>
2;245;(8,17);;<0>
2;246;(4,4);;<3>
2;249;(12,9);;<3>
2;250;(11,4);;<3>
2;252;(12,4);;<1>
2;254;(13,2);;<0>
2;255;(18,1);;<0>
2;256;(5,16);outputNeighborhood;<3>
2;256;(5,16);;<1>
2;257;(13,4);outputNeighborhood;<1>
2;257;(13,4);;<1>
2;260;(8,3);;<0>
2;262;(6,8);outputNeighborhood;<0>
2;262;(6,8);;<0>
2;264;(11,1);outputNeighborhood;<0>
2;264;(11,1);;<0>
2;265;(12,2);;<3>
2;267;(3,6);;<0>
2;268;(10,19);;<0>
2;271;(1,18);;<0>
2;272;(9,18);outputNeighborhood;<0>
2;272;(9,18);;<0>
2;273;(12,0);;<0>
2;277;(9,1);;<0>
2;279;(15,5);;<3>
2;281;(15,6);;<3>
2;282;(6,3);;<0>
2;283;(11,3);outputNeighborhood;<1>
2;283;(11,3);;<1>
2;287;(12,6);;<0>
2;288;(4,5);;<0>
2;289;(13,5);;<3>
2;290;(2,4);;<0>
2;291;(1,17);;<0>
2;293;(13,7);;<3>
2;294;(7,10);;<0>
2;295;(15,14);;<1>
2;296;(17,7);;<1>
2;300;(1,15);;<0>
2;301;(5,2);;<3>
2;302;(3,15);outputNeighborhood;<3>
2;302;(3,15);;<3>
2;303;(13,14);outputNeighborhood;<3>
2;303;(13,14);;<3>
2;304;(5,12);;<2>
2;305;(11,15);;<3>
2;306;(13,15);;<1>
2;307;(1,19);;<0>
2;308;(4,1);;<0>
2;309;(15,15);;<2>
2;312;(12,1);;<0>
2;316;(4,16);;<1>
2;318;(6,7);;<0>
2;320;(14,16);;<1>
2;322;(19,3);;<0>
2;323;(2,11);;<1>
2;325;(5,17);;<3>
2;326;(10,17);outputNeighborhood;<3>
2;326;(10,17);;<3>
2;328;(2,18);outputNeighborhood;<0>
2;328;(2,18);;<0>
2;330;(3,18);;<0>
2;333;(6,13);outputNeighborhood;<3>
2;333;(6,13);;<3>
2;335;(8,18);;<0>
2;336;(4,2);;<1>
2;337;(10,18);;<0>
2;338;(10,16);;<1>
2;339;(14,5);;<1>
2;341;(11,18);;<0>
2;342;(11,0);;<0>
2;347;(3,16);;<0>
2;349;(19,2);;<0>
2;350;(10,0);;<0>
2;352;(15,16);;<1>
2;355;(8,1);;<0>
2;358;(17,1);;<0>
2;359;(6,16);;<3>
2;360;(16,1);;<0>
2;361;(9,17);outputNeighborhood;<3>
2;361;(9,17);;<3>
2;362;(10,3);outputNeighborhood;<3>
2;362;(10,3);;<3>
2;363;(19,1);;<0>
2;365;(3,2);outputNeighborhood;<3>
2;365;(3,2);;<3>
2;366;(16,2);;<0>
2;371;(6,4);;<0>
2;373;(7,9);;<0>
2;374;(8,4);;<0>
2;376;(10,4);;<0>
2;381;(12,5);;<0>
2;384;(2,6);;<0>
2;385;(6,11);;<1>
2;387;(4,6);;<0>
2;393;(10,15);;<3>
3;13;(4,18);;<0>
3;32;(11,14);;<0>
3;33;(6,14);;<0>
3;34;(5,14);outputNeighborhood;<3>
3;34;(5,14);;<1>
3;37;(11,13);;<0>
3;50;(11,12);;<0>
3;59;(14,10);;<0>
3;60;(13,10);;<0>
3;61;(12,10);;<0>
3;72;(15,8);;<0>
3;81;(16,7);;<0>
3;82;(12,7);;<1>
3;93;(10,14);;<3>
3;95;(9,14);;<3>
3;96;(4,14);;<1>
3;100;(5,13);;<1>
3;105;(1,4);;<0>
3;106;(7,11);;<3>
3;107;(10,13);outputNeighborhood;<0>
3;107;(10,13);;<0>
3;120;(13,9);outputNeighborhood;<3>
3;120;(13,9);;<3>
3;123;(6,10);outputNeighborhood;<3>
3;123;(6,10);;<1>
3;124;(11,17);;<0>
3;128;(13,8);outputNeighborhood;<3>
3;128;(13,8);;<1>
3;129;(12,8);;<3>
3;130;(6,15);;<0>
3;132;(6,9);;<3>
3;135;(15,3);;<0>
3;139;(16,5);;<1>
3;143;(13,16);;<0>
3;144;(15,7);outputNeighborhood;<3>
3;144;(15,7);;<3>
3;146;(12,3);outputNeighborhood;<3>
3;146;(12,3);;<1>
3;147;(4,12);;<1>
3;149;(5,4);;<0>
3;150;(3,3);;<2>
3;155;(16,4);;<3>
3;158;(14,14);;<1>
3;159;(15,4);;<0>
3;162;(5,15);;<1>
3;165;(18,3);outputNeighborhood;<0>
3;165;(18,3);;<0>
3;168;(16,8);;<0>
3;169;(10,12);;<0>
3;172;(13,3);;<3>
3;173;(5,3);;<3>
3;174;(9,13);;<3>
3;176;(17,2);;<0>
3;177;(3,4);;<3>
3;178;(9,19);;<0>
3;180;(14,8);;<1>
3;185;(4,3);outputNeighborhood;<3>
3;185;(4,3);;<1>
3;187;(2,5);;<0>
3;189;(14,15);outputNeighborhood;<3>
3;189;(14,15);;<1>
3;190;(4,11);;<1>
3;191;(6,12);;<1>
3;193;(11,2);;<3>
3;196;(18,2);;<0>
3;199;(17,4);;<0>
3;200;(4,17);;<0>
3;204;(3,5);;<0>
3;205;(14,6);;<2>
3;208;(5,9);;<1>
3;212;(14,3);;<0>
3;217;(11,19);;<0>
3;218;(14,7);outputNeighborhood;<1>
3;218;(14,7);;<1>
3;221;(6,17);;<3>
3;222;(14,4);outputNeighborhood;<3>
3;222;(14,4);;<3>
3;224;(16,6);;<1>
3;226;(4,13);;<1>
3;227;(4,15);;<3>
3;232;(5,11);;<1>
3;233;(9,12);;<0>
3;234;(16,14);;<1>
3;235;(2,3);;<3>
3;238;(5,10);;<1>
3;239;(13,6);;<1>
3;242;(16,3);;<0>
3;243;(17,3);outputNeighborhood;<0>
3;243;(17,3);;<0>
3;246;(4,4);outputNeighborhood;<3>
3;246;(4,4);;<3>
3;248;(14,9);;<0>
3;249;(12,9);;<3>
3;250;(11,4);;<3>
3;252;(12,4);;<1>
3;254;(13,2);;<0>
3;256;(5,16);outputNeighborhood;<1>
3;256;(5,16);;<1>
3;257;(13,4);;<1>
3;259;(5,18);;<0>
3;261;(5,5);;<0>
3;265;(12,2);;<3>
3;268;(10,19);;<0>
3;272;(9,18);;<0>
3;279;(15,5);outputNeighborhood;<3>
3;279;(15,5);;<1>
3;281;(15,6);outputNeighborhood;<3>
3;281;(15,6);;<1>
3;283;(11,3);;<3>
3;287;(12,6);;<0>
3;288;(4,5);;<0>
3;289;(13,5);outputNeighborhood;<3>
3;289;(13,5);;<1>
3;290;(2,4);outputNeighborhood;<0>
3;290;(2,4);;<0>
3;293;(13,7);outputNeighborhood;<3>
3;293;(13,7);;<1>
3;294;(7,10);;<0>
3;295;(15,14);;<2>
3;301;(5,2);;<3>
3;303;(13,14);;<3>
3;304;(5,12);outputNeighborhood;<2>
3;304;(5,12);;<2>
3;306;(13,15);;<3>
3;309;(15,15);outputNeighborhood;<2>
3;309;(15,15);;<2>
3;310;(16,15);;<3>
3;316;(4,16);;<1>
3;320;(14,16);;<1>
3;322;(19,3);;<0>
3;324;(16,16);;<3>
3;325;(5,17);outputNeighborhood;<3>
3;325;(5,17);;<3>
3;326;(10,17);;<3>
3;331;(6,18);;<0>
3;333;(6,13);;<3>
3;336;(4,2);;<3>
3;337;(10,18);outputNeighborhood;<0>
3;337;(10,18);;<0>
3;339;(14,5);;<1>
3;341;(11,18);;<0>
3;349;(19,2);;<0>
3;352;(15,16);;<1>
3;359;(6,16);;<3>
3;361;(9,17);;<3>
3;365;(3,2);;<3>
3;366;(16,2);;<0>
3;368;(1,3);;<0>
3;372;(19,4);;<0>
3;373;(7,9);;<0>
3;377;(18,4);;<0>
3;381;(12,5);;<0>
3;385;(6,11);;<1>
3;389;(1,5);;<0>
4;12;(12,18);;<0>
4;21;(17,16);;<0>
4;22;(12,16);;<0>
4;31;(12,14);;<0>
4;33;(6,14);;<0>
4;34;(5,14);outputNeighborhood;<1>
4;34;(5,14);;<1>
4;81;(16,7);;<0>
4;82;(12,7);;<1>
4;96;(4,14);;<1>
4;99;(15,13);;<1>
4;100;(5,13);;<1>
4;105;(1,4);;<0>
4;106;(7,11);;<3>
4;117;(16,13);;<1>
4;120;(13,9);;<3>
4;121;(1,2);;<3>
4;122;(3,14);;<3>
4;123;(6,10);outputNeighborhood;<1>
4;123;(6,10);;<1>
4;124;(11,17);outputNeighborhood;<0>
4;124;(11,17);;<0>
4;128;(13,8);outputNeighborhood;<1>
4;128;(13,8);;<3>
4;129;(12,8);outputNeighborhood;<3>
4;129;(12,8);;<1>
4;130;(6,15);;<0>
4;132;(6,9);;<3>
4;133;(11,8);;<3>
4;135;(15,3);;<0>
4;139;(16,5);;<3>
4;143;(13,16);;<0>
4;144;(15,7);;<3>
4;146;(12,3);outputNeighborhood;<1>
4;146;(12,3);;<1>
4;149;(5,4);;<0>
4;150;(3,3);;<2>
4;154;(11,7);;<0>
4;155;(16,4);outputNeighborhood;<3>
4;155;(16,4);;<3>
4;158;(14,14);;<1>
4;159;(15,4);;<0>
4;162;(5,15);;<1>
4;165;(18,3);;<0>
4;166;(10,1);;<0>
4;172;(13,3);;<3>
4;173;(5,3);;<3>
4;177;(3,4);outputNeighborhood;<3>
4;177;(3,4);;<3>
4;180;(14,8);;<1>
4;181;(17,15);;<1>
4;183;(11,16);;<3>
4;184;(5,1);;<3>
4;185;(4,3);outputNeighborhood;<1>
4;185;(4,3);;<3>
4;187;(2,5);;<0>
4;188;(17,5);;<3>
4;189;(14,15);outputNeighborhood;<1>
4;189;(14,15);;<1>
4;193;(11,2);outputNeighborhood;<3>
4;193;(11,2);;<3>
4;194;(10,2);;<3>
4;199;(17,4);outputNeighborhood;<0>
4;199;(17,4);;<0>
4;201;(12,15);;<0>
4;204;(3,5);;<0>
4;205;(14,6);;<2>
4;208;(5,9);;<3>
4;213;(14,13);;<3>
4;218;(14,7);;<1>
4;222;(14,4);;<3>
4;224;(16,6);;<1>
4;226;(4,13);;<1>
4;227;(4,15);outputNeighborhood;<3>
4;227;(4,15);;<1>
4;230;(2,2);;<3>
4;232;(5,11);;<1>
4;234;(16,14);;<1>
4;235;(2,3);outputNeighborhood;<3>
4;235;(2,3);;<3>
4;237;(3,1);;<0>
4;238;(5,10);;<1>
4;239;(13,6);;<1>
4;241;(11,9);;<0>
4;242;(16,3);;<0>
4;243;(17,3);;<0>
4;246;(4,4);;<3>
4;248;(14,9);;<0>
4;249;(12,9);;<3>
4;250;(11,4);;<3>
4;252;(12,4);;<1>
4;254;(13,2);;<0>
4;256;(5,16);;<1>
4;257;(13,4);;<1>
4;264;(11,1);;<0>
4;265;(12,2);;<3>
4;279;(15,5);outputNeighborhood;<1>
4;279;(15,5);;<3>
4;281;(15,6);outputNeighborhood;<1>
4;281;(15,6);;<1>
4;283;(11,3);outputNeighborhood;<3>
4;283;(11,3);;<1>
4;287;(12,6);;<0>
4;288;(4,5);;<0>
4;289;(13,5);outputNeighborhood;<1>
4;289;(13,5);;<3>
4;290;(2,4);;<0>
4;293;(13,7);outputNeighborhood;<1>
4;293;(13,7);;<1>
4;294;(7,10);;<0>
4;295;(15,14);outputNeighborhood;<2>
4;295;(15,14);;<2>
4;297;(17,14);;<3>
4;301;(5,2);;<3>
4;302;(3,15);;<3>
4;303;(13,14);;<3>
4;306;(13,15);outputNeighborhood;<3>
4;306;(13,15);;<3>
4;308;(4,1);;<0>
4;309;(15,15);;<2>
4;310;(16,15);outputNeighborhood;<3>
4;310;(16,15);;<1>
4;312;(12,1);;<0>
4;316;(4,16);;<3>
4;320;(14,16);;<1>
4;324;(16,16);;<3>
4;326;(10,17);;<3>
4;333;(6,13);;<3>
4;336;(4,2);outputNeighborhood;<3>
4;336;(4,2);;<1>
4;337;(10,18);;<0>
4;338;(10,16);;<3>
4;339;(14,5);;<1>
4;341;(11,18);;<0>
4;347;(3,16);;<0>
4;352;(15,16);;<1>
4;354;(12,17);;<0>
4;362;(10,3);;<3>
4;365;(3,2);;<3>
4;368;(1,3);;<0>
4;373;(7,9);;<0>
4;376;(10,4);;<0>
4;377;(18,4);;<0>
4;381;(12,5);;<0>
4;382;(18,5);;<0>
4;385;(6,11);;<1>
5;17;(3,17);;<0>
5;21;(17,16);;<0>
5;24;(9,16);;<0>
5;29;(9,15);;<0>
5;30;(2,15);;<0>
5;34;(5,14);;<1>
5;82;(12,7);;<3>
5;96;(4,14);;<1>
5;98;(2,14);;<1>
5;101;(2,13);;<1>
5;117;(16,13);;<1>
5;120;(13,9);;<3>
5;122;(3,14);outputNeighborhood;<3>
5;122;(3,14);;<1>
5;123;(6,10);;<3>
5;124;(11,17);;<0>
5;128;(13,8);outputNeighborhood;<3>
5;128;(13,8);;<1>
5;129;(12,8);outputNeighborhood;<1>
5;129;(12,8);;<1>
5;132;(6,9);;<3>
5;133;(11,8);;<3>
5;137;(4,8);;<3>
5;139;(16,5);outputNeighborhood;<3>
5;139;(16,5);;<1>
5;146;(12,3);;<1>
5;149;(5,4);;<0>
5;150;(3,3);;<2>
5;152;(18,6);;<3>
5;153;(5,8);;<3>
5;154;(11,7);;<0>
5;155;(16,4);;<3>
5;159;(15,4);;<0>
5;162;(5,15);;<3>
5;167;(3,13);;<1>
5;173;(5,3);;<3>
5;177;(3,4);;<3>
5;180;(14,8);;<1>
5;181;(17,15);;<1>
5;183;(11,16);;<3>
5;184;(5,1);;<3>
5;185;(4,3);outputNeighborhood;<3>
5;185;(4,3);;<1>
5;188;(17,5);outputNeighborhood;<3>
5;188;(17,5);;<3>
5;193;(11,2);;<3>
5;194;(10,2);;<3>
5;199;(17,4);;<0>
5;200;(4,17);;<0>
5;205;(14,6);;<2>
5;207;(4,9);;<1>
5;208;(5,9);outputNeighborhood;<3>
5;208;(5,9);;<1>
5;209;(4,10);;<2>
5;211;(17,6);;<3>
5;214;(17,13);;<0>
5;218;(14,7);;<1>
5;222;(14,4);;<3>
5;224;(16,6);;<1>
5;226;(4,13);;<2>
5;227;(4,15);outputNeighborhood;<1>
5;227;(4,15);;<1>
5;234;(16,14);;<1>
5;237;(3,1);;<0>
5;238;(5,10);;<1>
5;239;(13,6);;<1>
5;241;(11,9);;<0>
5;244;(18,13);;<0>
5;246;(4,4);;<3>
5;248;(14,9);;<0>
5;249;(12,9);;<3>
5;250;(11,4);;<3>
5;252;(12,4);;<3>
5;256;(5,16);;<1>
5;257;(13,4);;<1>
5;262;(6,8);;<0>
5;265;(12,2);;<3>
5;279;(15,5);outputNeighborhood;<3>
5;279;(15,5);;<1>
5;281;(15,6);;<1>
5;283;(11,3);outputNeighborhood;<1>
5;283;(11,3);;<1>
5;287;(12,6);;<0>
5;289;(13,5);outputNeighborhood;<3>
5;289;(13,5);;<1>
5;293;(13,7);;<3>
5;295;(15,14);;<2>
5;297;(17,14);outputNeighborhood;<3>
5;297;(17,14);;<3>
5;299;(18,14);;<0>
5;301;(5,2);;<3>
5;302;(3,15);;<3>
5;305;(11,15);;<3>
5;308;(4,1);;<0>
5;309;(15,15);;<2>
5;310;(16,15);outputNeighborhood;<1>
5;310;(16,15);;<1>
5;315;(18,15);;<0>
5;316;(4,16);outputNeighborhood;<3>
5;316;(4,16);;<3>
5;324;(16,16);;<3>
5;325;(5,17);;<3>
5;326;(10,17);;<3>
5;336;(4,2);outputNeighborhood;<1>
5;336;(4,2);;<3>
5;338;(10,16);outputNeighborhood;<3>
5;338;(10,16);;<3>
5;339;(14,5);;<1>
5;347;(3,16);;<0>
5;352;(15,16);;<1>
5;361;(9,17);;<3>
5;362;(10,3);;<3>
5;365;(3,2);;<3>
5;376;(10,4);;<0>
5;377;(18,4);;<0>
5;381;(12,5);;<0>
5;382;(18,5);;<0>
5;393;(10,15);;<3>
6;30;(2,15);;<0>
6;33;(6,14);;<0>
6;34;(5,14);;<1>
6;78;(19,7);;<0>
6;81;(16,7);;<0>
6;82;(12,7);outputNeighborhood;<3>
6;82;(12,7);;<3>
6;96;(4,14);;<2>
6;98;(2,14);;<1>
6;100;(5,13);;<1>
6;101;(2,13);;<1>
6;104;(3,12);;<1>
6;106;(7,11);;<3>
6;109;(3,11);;<1>
6;120;(13,9);;<3>
6;122;(3,14);outputNeighborhood;<1>
6;122;(3,14);;<1>
6;123;(6,10);outputNeighborhood;<3>
6;123;(6,10);;<1>
6;128;(13,8);outputNeighborhood;<1>
6;128;(13,8);;<1>
6;129;(12,8);;<3>
6;130;(6,15);;<0>
6;132;(6,9);;<3>
6;133;(11,8);;<3>
6;137;(4,8);;<3>
6;138;(18,7);;<3>
6;139;(16,5);outputNeighborhood;<1>
6;139;(16,5);;<3>
6;146;(12,3);;<1>
6;147;(4,12);;<2>
6;149;(5,4);;<0>
6;150;(3,3);;<2>
6;152;(18,6);outputNeighborhood;<3>
6;152;(18,6);;<3>
6;153;(5,8);;<3>
6;154;(11,7);;<0>
6;155;(16,4);;<3>
6;159;(15,4);;<0>
6;162;(5,15);outputNeighborhood;<3>
6;162;(5,15);;<1>
6;167;(3,13);;<2>
6;172;(13,3);;<3>
6;173;(5,3);;<3>
6;177;(3,4);;<3>
6;180;(14,8);;<1>
6;184;(5,1);;<3>
6;185;(4,3);outputNeighborhood;<1>
6;185;(4,3);;<1>
6;188;(17,5);;<3>
6;190;(4,11);;<1>
6;199;(17,4);;<0>
6;205;(14,6);;<2>
6;206;(3,10);;<1>
6;207;(4,9);;<1>
6;208;(5,9);outputNeighborhood;<1>
6;208;(5,9);;<1>
6;209;(4,10);outputNeighborhood;<2>
6;209;(4,10);;<2>
6;211;(17,6);outputNeighborhood;<3>
6;211;(17,6);;<1>
6;218;(14,7);;<3>
6;222;(14,4);;<3>
6;224;(16,6);;<1>
6;226;(4,13);outputNeighborhood;<2>
6;226;(4,13);;<2>
6;227;(4,15);;<3>
6;232;(5,11);;<1>
6;236;(3,9);;<3>
6;237;(3,1);;<0>
6;238;(5,10);;<1>
6;239;(13,6);;<1>
6;246;(4,4);;<3>
6;248;(14,9);;<0>
6;249;(12,9);;<3>
6;250;(11,4);;<3>
6;252;(12,4);outputNeighborhood;<3>
6;252;(12,4);;<1>
6;256;(5,16);;<1>
6;257;(13,4);;<1>
6;262;(6,8);;<0>
6;279;(15,5);outputNeighborhood;<1>
6;279;(15,5);;<1>
6;280;(11,6);;<0>
6;281;(15,6);;<1>
6;283;(11,3);;<3>
6;287;(12,6);;<0>
6;289;(13,5);outputNeighborhood;<1>
6;289;(13,5);;<1>
6;293;(13,7);outputNeighborhood;<3>
6;293;(13,7);;<1>
6;294;(7,10);;<0>
6;296;(17,7);;<1>
6;301;(5,2);;<3>
6;302;(3,15);;<3>
6;304;(5,12);;<2>
6;308;(4,1);;<0>
6;316;(4,16);;<3>
6;317;(19,5);;<0>
6;336;(4,2);outputNeighborhood;<3>
6;336;(4,2);;<1>
6;339;(14,5);;<3>
6;359;(6,16);;<3>
6;365;(3,2);;<3>
6;373;(7,9);;<0>
6;381;(12,5);;<0>
6;382;(18,5);;<0>
6;385;(6,11);;<3>
6;386;(11,5);;<0>
6;400;(19,6);;<0>
7;33;(6,14);;<0>
7;34;(5,14);;<3>
7;72;(15,8);;<0>
7;75;(2,8);;<0>
7;81;(16,7);;<0>
7;82;(12,7);;<3>
7;96;(4,14);outputNeighborhood;<2>
7;96;(4,14);;<2>
7;98;(2,14);;<3>
7;100;(5,13);;<3>
7;101;(2,13);;<1>
7;104;(3,12);;<1>
7;106;(7,11);;<3>
7;109;(3,11);;<1>
7;113;(7,12);;<3>
7;116;(2,10);;<3>
7;120;(13,9);;<3>
7;122;(3,14);;<1>
7;123;(6,10);outputNeighborhood;<1>
7;123;(6,10);;<3>
7;127;(2,9);;<3>
7;128;(13,8);;<1>
7;129;(12,8);outputNeighborhood;<3>
7;129;(12,8);;<1>
7;130;(6,15);;<0>
7;132;(6,9);;<3>
7;133;(11,8);;<3>
7;137;(4,8);;<3>
7;138;(18,7);;<3>
7;139;(16,5);outputNeighborhood;<3>
7;139;(16,5);;<1>
7;144;(15,7);;<3>
7;146;(12,3);;<1>
7;147;(4,12);outputNeighborhood;<2>
7;147;(4,12);;<2>
7;150;(3,3);;<2>
7;152;(18,6);;<3>
7;154;(11,7);;<0>
7;155;(16,4);;<3>
7;159;(15,4);;<0>
7;162;(5,15);outputNeighborhood;<1>
7;162;(5,15);;<1>
7;167;(3,13);outputNeighborhood;<2>
7;167;(3,13);;<2>
7;172;(13,3);;<3>
7;173;(5,3);;<3>
7;180;(14,8);;<1>
7;184;(5,1);;<3>
7;185;(4,3);;<1>
7;188;(17,5);;<3>
7;190;(4,11);;<1>
7;191;(6,12);;<1>
7;193;(11,2);;<3>
7;194;(10,2);;<3>
7;199;(17,4);;<0>
7;205;(14,6);;<2>
7;206;(3,10);;<1>
7;207;(4,9);;<1>
7;208;(5,9);;<1>
7;209;(4,10);;<2>
7;211;(17,6);outputNeighborhood;<1>
7;211;(17,6);;<3>
7;218;(14,7);outputNeighborhood;<3>
7;218;(14,7);;<1>
7;222;(14,4);;<3>
7;224;(16,6);;<1>
7;226;(4,13);;<2>
7;227;(4,15);outputNeighborhood;<3>
7;227;(4,15);;<1>
7;231;(3,8);;<3>
7;232;(5,11);;<2>
7;236;(3,9);outputNeighborhood;<3>
7;236;(3,9);;<1>
7;237;(3,1);;<0>
7;238;(5,10);;<1>
7;239;(13,6);;<1>
7;241;(11,9);;<0>
7;249;(12,9);;<3>
7;250;(11,4);;<3>
7;252;(12,4);outputNeighborhood;<1>
7;252;(12,4);;<1>
7;256;(5,16);;<1>
7;257;(13,4);;<1>
7;265;(12,2);;<3>
7;279;(15,5);;<1>
7;281;(15,6);;<1>
7;283;(11,3);outputNeighborhood;<3>
7;283;(11,3);;<1>
7;287;(12,6);;<0>
7;289;(13,5);;<1>
7;293;(13,7);outputNeighborhood;<1>
7;293;(13,7);;<1>
7;294;(7,10);;<0>
7;296;(17,7);;<3>
7;301;(5,2);;<3>
7;302;(3,15);;<3>
7;304;(5,12);;<2>
7;308;(4,1);;<0>
7;316;(4,16);;<3>
7;336;(4,2);outputNeighborhood;<1>
7;336;(4,2);;<1>
7;339;(14,5);outputNeighborhood;<3>
7;339;(14,5);;<1>
7;347;(3,16);;<0>
7;359;(6,16);;<3>
7;362;(10,3);;<3>
7;365;(3,2);;<3>
7;369;(2,12);;<1>
7;373;(7,9);;<0>
7;376;(10,4);;<0>
7;381;(12,5);;<0>
7;382;(18,5);;<0>
7;385;(6,11);outputNeighborhood;<3>
7;385;(6,11);;<1>
7;386;(11,5);;<0>
8;30;(2,15);;<0>
8;33;(6,14);;<0>
8;34;(5,14);outputNeighborhood;<3>
8;34;(5,14);;<1>
8;38;(8,13);;<0>
8;39;(7,13);;<0>
8;54;(8,11);;<0>
8;71;(18,8);;<0>
8;72;(15,8);;<0>
8;75;(2,8);;<0>
8;77;(1,8);;<0>
8;81;(16,7);;<0>
8;82;(12,7);;<3>
8;96;(4,14);;<2>
8;98;(2,14);outputNeighborhood;<3>
8;98;(2,14);;<1>
8;100;(5,13);outputNeighborhood;<3>
8;100;(5,13);;<1>
8;101;(2,13);;<1>
8;106;(7,11);;<3>
8;113;(7,12);outputNeighborhood;<3>
8;113;(7,12);;<3>
8;115;(1,14);;<3>
8;116;(2,10);;<3>
8;120;(13,9);;<3>
8;122;(3,14);;<1>
8;123;(6,10);outputNeighborhood;<3>
8;123;(6,10);;<1>
8;127;(2,9);outputNeighborhood;<3>
8;127;(2,9);;<3>
8;128;(13,8);;<1>
8;129;(12,8);outputNeighborhood;<1>
8;129;(12,8);;<1>
8;130;(6,15);;<0>
8;132;(6,9);;<3>
8;133;(11,8);;<3>
8;134;(1,13);;<1>
8;137;(4,8);;<3>
8;138;(18,7);;<3>
8;139;(16,5);outputNeighborhood;<1>
8;139;(16,5);;<1>
8;140;(1,10);;<0>
8;141;(1,9);;<0>
8;144;(15,7);;<3>
8;146;(12,3);;<1>
8;147;(4,12);;<2>
8;152;(18,6);;<3>
8;154;(11,7);;<0>
8;155;(16,4);;<3>
8;159;(15,4);;<0>
8;162;(5,15);;<3>
8;167;(3,13);;<2>
8;168;(16,8);;<0>
8;180;(14,8);;<1>
8;182;(17,8);;<0>
8;188;(17,5);;<3>
8;190;(4,11);;<1>
8;191;(6,12);;<1>
8;193;(11,2);;<3>
8;194;(10,2);;<3>
8;199;(17,4);;<0>
8;205;(14,6);;<2>
8;206;(3,10);;<1>
8;207;(4,9);;<1>
8;208;(5,9);;<1>
8;209;(4,10);;<2>
8;211;(17,6);outputNeighborhood;<3>
8;211;(17,6);;<1>
8;218;(14,7);outputNeighborhood;<1>
8;218;(14,7);;<3>
8;222;(14,4);;<3>
8;223;(8,12);;<3>
8;224;(16,6);;<1>
8;226;(4,13);;<2>
8;227;(4,15);outputNeighborhood;<1>
8;227;(4,15);;<3>
8;231;(3,8);;<3>
8;232;(5,11);outputNeighborhood;<2>
8;232;(5,11);;<2>
8;236;(3,9);outputNeighborhood;<1>
8;236;(3,9);;<3>
8;238;(5,10);;<1>
8;239;(13,6);;<1>
8;241;(11,9);;<0>
8;249;(12,9);;<3>
8;250;(11,4);;<3>
8;252;(12,4);;<1>
8;256;(5,16);;<1>
8;257;(13,4);;<1>
8;265;(12,2);;<3>
8;279;(15,5);;<1>
8;281;(15,6);;<1>
8;283;(11,3);outputNeighborhood;<1>
8;283;(11,3);;<1>
8;289;(13,5);;<1>
8;293;(13,7);;<1>
8;294;(7,10);;<0>
8;296;(17,7);outputNeighborhood;<3>
8;296;(17,7);;<3>
8;300;(1,15);;<0>
8;302;(3,15);;<3>
8;304;(5,12);;<2>
8;316;(4,16);;<3>
8;333;(6,13);;<3>
8;339;(14,5);outputNeighborhood;<1>
8;339;(14,5);;<1>
8;347;(3,16);;<0>
8;362;(10,3);;<3>
8;373;(7,9);;<0>
8;376;(10,4);;<0>
8;382;(18,5);;<0>
8;385;(6,11);outputNeighborhood;<1>
8;385;(6,11);;<1>
9;30;(2,15);;<0>
9;33;(6,14);;<0>
9;34;(5,14);outputNeighborhood;<1>
9;34;(5,14);;<1>
9;72;(15,8);;<0>
9;75;(2,8);;<0>
9;81;(16,7);;<0>
9;96;(4,14);;<2>
9;98;(2,14);outputNeighborhood;<1>
9;98;(2,14);;<3>
9;100;(5,13);outputNeighborhood;<1>
9;100;(5,13);;<1>
9;101;(2,13);;<1>
9;106;(7,11);;<3>
9;115;(1,14);;<3>
9;116;(2,10);;<3>
9;122;(3,14);;<1>
9;123;(6,10);outputNeighborhood;<1>
9;123;(6,10);;<1>
9;127;(2,9);;<3>
9;128;(13,8);;<1>
9;130;(6,15);;<0>
9;132;(6,9);;<3>
9;134;(1,13);;<1>
9;137;(4,8);;<3>
9;138;(18,7);;<3>
9;139;(16,5);;<1>
9;144;(15,7);;<3>
9;147;(4,12);;<2>
9;152;(18,6);;<3>
9;162;(5,15);outputNeighborhood;<3>
9;162;(5,15);;<1>
9;167;(3,13);;<2>
9;180;(14,8);;<1>
9;188;(17,5);;<3>
9;191;(6,12);;<1>
9;205;(14,6);;<2>
9;206;(3,10);;<1>
9;207;(4,9);;<1>
9;208;(5,9);;<3>
9;209;(4,10);;<2>
9;211;(17,6);outputNeighborhood;<1>
9;211;(17,6);;<3>
9;218;(14,7);outputNeighborhood;<3>
9;218;(14,7);;<1>
9;224;(16,6);;<3>
9;226;(4,13);;<2>
9;227;(4,15);outputNeighborhood;<3>
9;227;(4,15);;<1>
9;231;(3,8);;<3>
9;232;(5,11);;<2>
9;236;(3,9);outputNeighborhood;<3>
9;236;(3,9);;<1>
9;238;(5,10);;<2>
9;239;(13,6);;<1>
9;256;(5,16);;<1>
9;281;(15,6);;<1>
9;293;(13,7);;<1>
9;294;(7,10);;<0>
9;296;(17,7);;<3>
9;300;(1,15);;<0>
9;302;(3,15);;<3>
9;304;(5,12);;<2>
9;316;(4,16);;<3>
9;333;(6,13);;<3>
9;347;(3,16);;<0>
9;359;(6,16);;<3>
9;373;(7,9);;<0>
9;382;(18,5);;<0>
9;385;(6,11);;<3>
10;30;(2,15);;<0>
10;33;(6,14);;<0>
10;34;(5,14);;<1>
10;72;(15,8);;<0>
10;75;(2,8);;<0>
10;81;(16,7);;<0>
10;96;(4,14);;<2>
10;98;(2,14);outputNeighborhood;<3>
10;98;(2,14);;<1>
10;101;(2,13);;<1>
10;106;(7,11);;<3>
10;113;(7,12);;<3>
10;115;(1,14);;<3>
10;116;(2,10);;<3>
10;122;(3,14);;<3>
10;123;(6,10);;<3>
10;127;(2,9);;<3>
10;128;(13,8);;<1>
10;130;(6,15);;<0>
10;132;(6,9);;<3>
10;134;(1,13);;<3>
10;137;(4,8);;<3>
10;138;(18,7);;<3>
10;139;(16,5);;<1>
10;144;(15,7);;<3>
10;152;(18,6);;<3>
10;153;(5,8);;<3>
10;162;(5,15);outputNeighborhood;<1>
10;162;(5,15);;<3>
10;167;(3,13);;<2>
10;180;(14,8);;<1>
10;188;(17,5);;<3>
10;190;(4,11);;<2>
10;191;(6,12);;<1>
10;205;(14,6);;<2>
10;206;(3,10);;<1>
10;207;(4,9);;<2>
10;208;(5,9);outputNeighborhood;<3>
10;208;(5,9);;<1>
10;209;(4,10);;<2>
10;211;(17,6);outputNeighborhood;<3>
10;211;(17,6);;<1>
10;218;(14,7);outputNeighborhood;<1>
10;218;(14,7);;<3>
10;224;(16,6);outputNeighborhood;<3>
10;224;(16,6);;<1>
10;227;(4,15);outputNeighborhood;<1>
10;227;(4,15);;<1>
10;231;(3,8);;<3>
10;232;(5,11);;<2>
10;236;(3,9);outputNeighborhood;<1>
10;236;(3,9);;<1>
10;238;(5,10);outputNeighborhood;<2>
10;238;(5,10);;<2>
10;239;(13,6);;<1>
10;256;(5,16);;<1>
10;262;(6,8);;<0>
10;279;(15,5);;<1>
10;281;(15,6);;<1>
10;293;(13,7);;<1>
10;294;(7,10);;<0>
10;296;(17,7);;<3>
10;300;(1,15);;<0>
10;302;(3,15);;<3>
10;304;(5,12);;<2>
10;316;(4,16);;<3>
10;347;(3,16);;<0>
10;359;(6,16);;<3>
10;382;(18,5);;<0>
10;385;(6,11);outputNeighborhood;<3>
10;385;(6,11);;<1>
11;30;(2,15);;<0>
11;33;(6,14);;<0>
11;34;(5,14);;<1>
11;72;(15,8);;<0>
11;81;(16,7);;<0>
11;96;(4,14);;<2>
11;98;(2,14);outputNeighborhood;<1>
11;98;(2,14);;<3>
11;101;(2,13);;<1>
11;104;(3,12);;<2>
11;106;(7,11);;<3>
11;109;(3,11);;<1>
11;113;(7,12);;<3>
11;115;(1,14);;<3>
11;119;(0,14);;<0>
11;122;(3,14);outputNeighborhood;<3>
11;122;(3,14);;<1>
11;123;(6,10);outputNeighborhood;<3>
11;123;(6,10);;<1>
11;128;(13,8);;<1>
11;130;(6,15);;<0>
11;132;(6,9);;<3>
11;134;(1,13);outputNeighborhood;<3>
11;134;(1,13);;<3>
11;137;(4,8);;<3>
11;138;(18,7);;<3>
11;139;(16,5);;<3>
11;144;(15,7);;<3>
11;147;(4,12);;<2>
11;152;(18,6);;<3>
11;153;(5,8);;<3>
11;162;(5,15);outputNeighborhood;<3>
11;162;(5,15);;<1>
11;167;(3,13);;<2>
11;180;(14,8);;<3>
11;188;(17,5);;<3>
11;190;(4,11);outputNeighborhood;<2>
11;190;(4,11);;<2>
11;191;(6,12);;<1>
11;205;(14,6);;<2>
11;206;(3,10);;<1>
11;207;(4,9);outputNeighborhood;<2>
11;207;(4,9);;<2>
11;208;(5,9);outputNeighborhood;<1>
11;208;(5,9);;<1>
11;209;(4,10);;<2>
11;211;(17,6);outputNeighborhood;<1>
11;211;(17,6);;<3>
11;218;(14,7);outputNeighborhood;<3>
11;218;(14,7);;<1>
11;224;(16,6);outputNeighborhood;<1>
11;224;(16,6);;<1>
11;226;(4,13);;<2>
11;227;(4,15);;<1>
11;231;(3,8);;<3>
11;232;(5,11);;<2>
11;236;(3,9);;<1>
11;238;(5,10);;<2>
11;239;(13,6);;<1>
11;256;(5,16);;<1>
11;262;(6,8);;<0>
11;275;(0,12);;<0>
11;279;(15,5);;<1>
11;281;(15,6);;<1>
11;293;(13,7);;<1>
11;294;(7,10);;<0>
11;296;(17,7);;<3>
11;298;(1,12);;<1>
11;300;(1,15);;<0>
11;302;(3,15);;<3>
11;304;(5,12);;<2>
11;316;(4,16);;<3>
11;348;(0,13);;<0>
11;359;(6,16);;<3>
11;369;(2,12);;<1>
11;373;(7,9);;<0>
11;382;(18,5);;<0>
11;385;(6,11);outputNeighborhood;<1>
11;385;(6,11);;<1>
12;30;(2,15);;<0>
12;33;(6,14);;<0>
12;34;(5,14);;<1>
12;72;(15,8);;<0>
12;81;(16,7);;<0>
12;96;(4,14);;<2>
12;98;(2,14);outputNeighborhood;<3>
12;98;(2,14);;<1>
12;101;(2,13);;<2>
12;104;(3,12);outputNeighborhood;<2>
12;104;(3,12);;<2>
12;106;(7,11);;<3>
12;109;(3,11);;<1>
12;115;(1,14);;<3>
12;120;(13,9);;<3>
12;122;(3,14);outputNeighborhood;<1>
12;122;(3,14);;<3>
12;123;(6,10);outputNeighborhood;<1>
12;123;(6,10);;<1>
12;128;(13,8);;<3>
12;130;(6,15);;<0>
12;132;(6,9);;<3>
12;134;(1,13);;<3>
12;138;(18,7);;<3>
12;139;(16,5);outputNeighborhood;<3>
12;139;(16,5);;<1>
12;144;(15,7);;<3>
12;147;(4,12);;<2>
12;152;(18,6);;<3>
12;155;(16,4);;<3>
12;159;(15,4);;<0>
12;162;(5,15);outputNeighborhood;<1>
12;162;(5,15);;<1>
12;167;(3,13);;<2>
12;180;(14,8);outputNeighborhood;<3>
12;180;(14,8);;<3>
12;188;(17,5);;<3>
12;190;(4,11);;<2>
12;199;(17,4);;<0>
12;205;(14,6);;<2>
12;208;(5,9);;<1>
12;211;(17,6);outputNeighborhood;<3>
12;211;(17,6);;<1>
12;218;(14,7);outputNeighborhood;<1>
12;218;(14,7);;<3>
12;224;(16,6);;<3>
12;226;(4,13);;<2>
12;227;(4,15);;<1>
12;232;(5,11);;<2>
12;238;(5,10);;<2>
12;239;(13,6);;<1>
12;248;(14,9);;<0>
12;256;(5,16);;<3>
12;258;(15,9);;<0>
12;279;(15,5);;<3>
12;281;(15,6);;<1>
12;293;(13,7);;<3>
12;294;(7,10);;<0>
12;296;(17,7);;<3>
12;300;(1,15);;<0>
12;302;(3,15);;<3>
12;316;(4,16);;<3>
12;323;(2,11);;<3>
12;359;(6,16);;<3>
12;369;(2,12);;<3>
12;373;(7,9);;<0>
12;382;(18,5);;<0>
12;385;(6,11);;<1>
13;30;(2,15);;<0>
13;55;(1,11);;<0>
13;72;(15,8);;<0>
13;81;(16,7);;<0>
13;82;(12,7);;<3>
13;96;(4,14);;<2>
13;98;(2,14);outputNeighborhood;<1>
13;98;(2,14);;<3>
13;101;(2,13);outputNeighborhood;<2>
13;101;(2,13);;<2>
13;104;(3,12);;<2>
13;109;(3,11);;<1>
13;115;(1,14);;<3>
13;116;(2,10);;<3>
13;120;(13,9);;<3>
13;122;(3,14);outputNeighborhood;<3>
13;122;(3,14);;<1>
13;128;(13,8);outputNeighborhood;<3>
13;128;(13,8);;<1>
13;129;(12,8);;<1>
13;130;(6,15);;<0>
13;134;(1,13);;<3>
13;138;(18,7);;<3>
13;139;(16,5);outputNeighborhood;<1>
13;139;(16,5);;<1>
13;140;(1,10);;<0>
13;144;(15,7);;<3>
13;152;(18,6);;<3>
13;155;(16,4);;<3>
13;159;(15,4);;<0>
13;162;(5,15);;<1>
13;167;(3,13);;<2>
13;180;(14,8);;<3>
13;188;(17,5);;<3>
13;199;(17,4);;<0>
13;200;(4,17);;<0>
13;205;(14,6);;<2>
13;206;(3,10);;<1>
13;211;(17,6);outputNeighborhood;<1>
13;211;(17,6);;<1>
13;218;(14,7);outputNeighborhood;<3>
13;218;(14,7);;<1>
13;221;(6,17);;<3>
13;222;(14,4);;<3>
13;224;(16,6);outputNeighborhood;<3>
13;224;(16,6);;<1>
13;226;(4,13);;<2>
13;227;(4,15);;<1>
13;239;(13,6);;<1>
13;248;(14,9);;<0>
13;249;(12,9);;<3>
13;256;(5,16);outputNeighborhood;<3>
13;256;(5,16);;<1>
13;279;(15,5);outputNeighborhood;<3>
13;279;(15,5);;<1>
13;281;(15,6);;<1>
13;287;(12,6);;<0>
13;293;(13,7);outputNeighborhood;<3>
13;293;(13,7);;<1>
13;296;(17,7);;<3>
13;298;(1,12);;<1>
13;300;(1,15);;<0>
13;302;(3,15);;<3>
13;316;(4,16);;<3>
13;323;(2,11);outputNeighborhood;<3>
13;323;(2,11);;<1>
13;325;(5,17);;<3>
13;339;(14,5);;<1>
13;359;(6,16);;<3>
13;369;(2,12);outputNeighborhood;<3>
13;369;(2,12);;<1>
13;382;(18,5);;<0>
14;30;(2,15);;<0>
14;55;(1,11);;<0>
14;72;(15,8);;<0>
14;81;(16,7);;<0>
14;82;(12,7);;<3>
14;96;(4,14);;<2>
14;98;(2,14);outputNeighborhood;<3>
14;98;(2,14);;<1>
14;101;(2,13);;<2>
14;104;(3,12);;<2>
14;109;(3,11);;<2>
14;115;(1,14);;<3>
14;116;(2,10);;<3>
14;120;(13,9);;<3>
14;122;(3,14);outputNeighborhood;<1>
14;122;(3,14);;<1>
14;128;(13,8);outputNeighborhood;<1>
14;128;(13,8);;<1>
14;129;(12,8);;<1>
14;130;(6,15);;<0>
14;134;(1,13);;<3>
14;139;(16,5);;<1>
14;140;(1,10);;<0>
14;144;(15,7);;<3>
14;155;(16,4);;<3>
14;159;(15,4);;<0>
14;162;(5,15);;<3>
14;167;(3,13);;<2>
14;180;(14,8);;<3>
14;188;(17,5);;<3>
14;200;(4,17);;<0>
14;205;(14,6);;<2>
14;206;(3,10);;<1>
14;211;(17,6);;<1>
14;218;(14,7);outputNeighborhood;<1>
14;218;(14,7);;<1>
14;221;(6,17);;<3>
14;222;(14,4);;<3>
14;224;(16,6);outputNeighborhood;<1>
14;224;(16,6);;<1>
14;226;(4,13);;<2>
14;227;(4,15);;<3>
14;239;(13,6);;<1>
14;248;(14,9);;<0>
14;249;(12,9);;<3>
14;256;(5,16);outputNeighborhood;<1>
14;256;(5,16);;<1>
14;279;(15,5);outputNeighborhood;<1>
14;279;(15,5);;<3>
14;281;(15,6);;<3>
14;287;(12,6);;<0>
14;293;(13,7);outputNeighborhood;<1>
14;293;(13,7);;<1>
14;296;(17,7);;<3>
14;298;(1,12);;<1>
14;300;(1,15);;<0>
14;302;(3,15);;<3>
14;316;(4,16);;<3>
14;323;(2,11);outputNeighborhood;<1>
14;323;(2,11);;<1>
14;325;(5,17);;<3>
14;339;(14,5);;<1>
14;359;(6,16);;<3>
14;369;(2,12);outputNeighborhood;<1>
14;369;(2,12);;<1>
15;30;(2,15);;<0>
15;33;(6,14);;<0>
15;34;(5,14);;<1>
15;81;(16,7);;<0>
15;96;(4,14);;<2>
15;98;(2,14);outputNeighborhood;<1>
15;98;(2,14);;<1>
15;101;(2,13);;<2>
15;104;(3,12);;<2>
15;109;(3,11);outputNeighborhood;<2>
15;109;(3,11);;<2>
15;115;(1,14);;<3>
15;116;(2,10);;<3>
15;122;(3,14);;<1>
15;130;(6,15);;<0>
15;134;(1,13);;<3>
15;139;(16,5);;<1>
15;144;(15,7);;<3>
15;147;(4,12);;<2>
15;155;(16,4);;<3>
15;159;(15,4);;<0>
15;162;(5,15);outputNeighborhood;<3>
15;162;(5,15);;<1>
15;167;(3,13);;<2>
15;190;(4,11);;<2>
15;205;(14,6);;<2>
15;206;(3,10);;<1>
15;209;(4,10);;<2>
15;218;(14,7);;<1>
15;222;(14,4);;<3>
15;224;(16,6);;<1>
15;227;(4,15);outputNeighborhood;<3>
15;227;(4,15);;<1>
15;256;(5,16);;<3>
15;279;(15,5);outputNeighborhood;<3>
15;279;(15,5);;<1>
15;281;(15,6);outputNeighborhood;<3>
15;281;(15,6);;<1>
15;300;(1,15);;<0>
15;302;(3,15);;<3>
15;316;(4,16);;<3>
15;323;(2,11);;<1>
15;339;(14,5);;<3>
15;347;(3,16);;<0>
15;359;(6,16);;<3>
15;369;(2,12);;<1>
16;33;(6,14);;<0>
16;34;(5,14);;<1>
16;81;(16,7);;<0>
16;96;(4,14);;<2>
16;122;(3,14);;<1>
16;130;(6,15);;<0>
16;139;(16,5);;<3>
16;144;(15,7);;<3>
16;155;(16,4);;<3>
16;159;(15,4);;<0>
16;162;(5,15);outputNeighborhood;<1>
16;162;(5,15);;<1>
16;200;(4,17);;<0>
16;205;(14,6);;<2>
16;218;(14,7);;<1>
16;221;(6,17);;<3>
16;222;(14,4);;<3>
16;224;(16,6);;<1>
16;227;(4,15);outputNeighborhood;<1>
16;227;(4,15);;<1>
16;239;(13,6);;<3>
16;256;(5,16);outputNeighborhood;<3>
16;256;(5,16);;<1>
16;257;(13,4);;<1>
16;279;(15,5);outputNeighborhood;<1>
16;279;(15,5);;<3>
16;281;(15,6);outputNeighborhood;<1>
16;281;(15,6);;<1>
16;289;(13,5);;<1>
16;302;(3,15);;<3>
16;316;(4,16);;<3>
16;325;(5,17);;<3>
16;339;(14,5);outputNeighborhood;<3>
16;339;(14,5);;<1>
16;347;(3,16);;<0>
16;359;(6,16);;<3>
17;82;(12,7);;<3>
17;130;(6,15);;<0>
17;139;(16,5);outputNeighborhood;<3>
17;139;(16,5);;<1>
17;155;(16,4);;<3>
17;159;(15,4);;<0>
17;162;(5,15);;<1>
17;188;(17,5);;<3>
17;199;(17,4);;<0>
17;200;(4,17);;<0>
17;205;(14,6);;<2>
17;211;(17,6);;<1>
17;218;(14,7);;<1>
17;221;(6,17);;<3>
17;222;(14,4);;<3>
17;224;(16,6);;<1>
17;227;(4,15);;<1>
17;239;(13,6);outputNeighborhood;<3>
17;239;(13,6);;<1>
17;256;(5,16);outputNeighborhood;<1>
17;256;(5,16);;<3>
17;257;(13,4);;<1>
17;279;(15,5);outputNeighborhood;<3>
17;279;(15,5);;<1>
17;281;(15,6);;<1>
17;287;(12,6);;<0>
17;289;(13,5);;<1>
17;293;(13,7);;<1>
17;316;(4,16);;<3>
17;325;(5,17);;<3>
17;339;(14,5);outputNeighborhood;<1>
17;339;(14,5);;<1>
17;359;(6,16);;<3>
17;381;(12,5);;<0>
18;82;(12,7);;<3>
18;130;(6,15);;<0>
18;139;(16,5);outputNeighborhood;<1>
18;139;(16,5);;<1>
18;155;(16,4);;<3>
18;159;(15,4);;<0>
18;162;(5,15);;<3>
18;188;(17,5);;<3>
18;199;(17,4);;<0>
18;200;(4,17);;<0>
18;205;(14,6);;<2>
18;211;(17,6);;<1>
18;218;(14,7);;<1>
18;221;(6,17);;<3>
18;222;(14,4);;<3>
18;224;(16,6);;<3>
18;227;(4,15);;<1>
18;239;(13,6);outputNeighborhood;<1>
18;239;(13,6);;<1>
18;256;(5,16);outputNeighborhood;<3>
18;256;(5,16);;<1>
18;279;(15,5);outputNeighborhood;<1>
18;279;(15,5);;<3>
18;281;(15,6);;<1>
18;287;(12,6);;<0>
18;289;(13,5);;<1>
18;293;(13,7);;<1>
18;316;(4,16);;<3>
18;325;(5,17);;<3>
18;339;(14,5);;<1>
18;359;(6,16);;<3>
18;381;(12,5);;<0>
19;33;(6,14);;<0>
19;34;(5,14);;<1>
19;81;(16,7);;<0>
19;96;(4,14);;<2>
19;130;(6,15);;<0>
19;139;(16,5);;<3>
19;144;(15,7);;<3>
19;155;(16,4);;<3>
19;159;(15,4);;<0>
19;162;(5,15);outputNeighborhood;<3>
19;162;(5,15);;<1>
19;188;(17,5);;<3>
19;200;(4,17);;<0>
19;205;(14,6);;<2>
19;211;(17,6);;<3>
19;221;(6,17);;<3>
19;222;(14,4);;<3>
19;224;(16,6);outputNeighborhood;<3>
19;224;(16,6);;<1>
19;227;(4,15);;<1>
19;256;(5,16);outputNeighborhood;<1>
19;256;(5,16);;<1>
19;279;(15,5);outputNeighborhood;<3>
19;279;(15,5);;<1>
19;281;(15,6);;<1>
19;296;(17,7);;<3>
19;316;(4,16);;<3>
19;325;(5,17);;<3>
19;339;(14,5);;<1>
19;359;(6,16);;<3>
19;1;(19,19);;<0>
19;2;(18,19);;<0>
19;3;(17,19);;<0>
19;4;(15,19);;<0>
19;5;(14,19);;<0>
19;6;(6,19);;<0>
19;7;(5,19);;<0>
19;8;(2,19);;<0>
19;9;(0,19);;<0>
19;10;(19,18);;<0>
19;11;(14,18);;<0>
19;12;(12,18);;<0>
19;13;(4,18);;<0>
19;14;(17,17);;<0>
19;15;(14,17);;<0>
19;16;(7,17);;<0>
19;17;(3,17);;<0>
19;18;(0,17);;<0>
19;19;(19,16);;<0>
19;20;(18,16);;<0>
19;21;(17,16);;<0>
19;22;(12,16);;<0>
19;23;(7,18);;<0>
19;24;(9,16);;<0>
19;25;(7,16);;<0>
19;26;(1,16);;<0>
19;27;(0,16);;<0>
19;28;(19,15);;<0>
19;29;(9,15);;<0>
19;30;(2,15);;<0>
19;31;(12,14);;<0>
19;32;(11,14);;<0>
19;33;(6,14);;<0>
19;34;(5,14);;<1>
19;35;(13,13);;<0>
19;36;(12,13);;<0>
19;37;(11,13);;<0>
19;38;(8,13);;<0>
19;39;(7,13);;<0>
19;40;(19,12);;<0>
19;41;(18,12);;<0>
19;42;(17,12);;<0>
19;43;(16,12);;<0>
19;44;(13,12);;<0>
19;45;(12,12);;<0>
19;46;(19,11);;<0>
19;47;(17,11);;<0>
19;48;(16,11);;<0>
19;49;(15,11);;<0>
19;50;(11,12);;<0>
19;51;(13,11);;<0>
19;52;(10,11);;<0>
19;53;(9,11);;<0>
19;54;(8,11);;<0>
19;55;(1,11);;<0>
19;56;(0,11);;<0>
19;57;(17,10);;<0>
19;58;(16,10);;<0>
19;59;(14,10);;<0>
19;60;(13,10);;<0>
19;61;(12,10);;<0>
19;62;(11,10);;<0>
19;63;(10,10);;<0>
19;64;(9,10);;<0>
19;65;(8,10);;<0>
19;66;(0,10);;<0>
19;67;(19,9);;<0>
19;68;(9,9);;<0>
19;69;(8,9);;<0>
19;70;(0,9);;<0>
19;71;(18,8);;<0>
19;72;(15,8);;<0>
19;73;(8,8);;<0>
19;74;(7,8);;<0>
19;75;(2,8);;<0>
19;76;(9,8);;<0>
19;77;(1,8);;<0>
19;78;(19,7);;<0>
19;79;(13,18);;<0>
19;80;(7,14);;<0>
19;81;(16,7);;<0>
19;82;(12,7);;<3>
19;83;(10,7);;<0>
19;84;(8,7);;<0>
19;85;(15,18);;<0>
19;86;(7,7);;<0>
19;87;(8,14);;<0>
19;88;(5,7);;<0>
19;89;(4,7);;<0>
19;90;(3,7);;<0>
19;91;(2,7);;<0>
19;92;(1,7);;<0>
19;93;(10,14);;<3>
19;94;(9,2);;<0>
19;95;(9,14);;<3>
19;96;(4,14);;<2>
19;97;(8,15);;<0>
19;98;(2,14);;<1>
19;99;(15,13);;<1>
19;100;(5,13);;<1>
19;101;(2,13);;<2>
19;102;(15,12);;<0>
19;103;(2,17);;<0>
19;104;(3,12);;<2>
19;105;(1,4);;<0>
19;106;(7,11);;<3>
19;107;(10,13);;<0>
19;108;(9,4);;<0>
19;109;(3,11);;<2>
19;110;(18,0);;<0>
19;111;(12,19);;<0>
19;112;(18,10);;<0>
19;113;(7,12);;<3>
19;114;(13,17);;<0>
19;115;(1,14);;<3>
19;116;(2,10);;<3>
19;117;(16,13);;<1>
19;118;(17,9);;<0>
19;119;(0,14);;<0>
19;120;(13,9);;<3>
19;121;(1,2);;<3>
19;122;(3,14);;<1>
19;123;(6,10);;<1>
19;124;(11,17);;<0>
19;125;(8,6);;<0>
19;126;(0,5);;<0>
19;127;(2,9);;<3>
19;128;(13,8);;<1>
19;129;(12,8);;<1>
19;130;(6,15);;<0>
19;131;(16,18);;<0>
19;132;(6,9);;<3>
19;133;(11,8);;<3>
19;134;(1,13);;<3>
19;135;(15,3);;<0>
19;136;(3,19);;<0>
19;137;(4,8);;<3>
19;138;(18,7);;<3>
19;139;(16,5);;<3>
19;140;(1,10);;<0>
19;141;(1,9);;<0>
19;142;(5,0);;<0>
19;143;(13,16);;<0>
19;144;(15,7);;<3>
19;145;(2,16);;<0>
19;146;(12,3);;<1>
19;147;(4,12);;<2>
19;148;(8,16);;<0>
19;149;(5,4);;<0>
19;150;(3,3);;<2>
19;151;(2,1);;<0>
19;152;(18,6);;<3>
19;153;(5,8);;<3>
19;154;(11,7);;<0>
19;155;(16,4);;<3>
19;156;(8,2);;<0>
19;157;(7,15);;<0>
19;158;(14,14);;<1>
19;159;(15,4);;<0>
19;160;(15,0);;<0>
19;161;(9,3);;<0>
19;162;(5,15);;<1>
19;163;(16,9);;<0>
19;164;(6,5);;<0>
19;165;(18,3);;<0>
19;166;(10,1);;<0>
19;167;(3,13);;<2>
19;168;(16,8);;<0>
19;169;(10,12);;<0>
19;170;(13,1);;<0>
19;171;(4,19);;<0>
19;172;(13,3);;<3>
19;173;(5,3);;<3>
19;174;(9,13);;<3>
19;175;(0,7);;<0>
19;176;(17,2);;<0>
19;177;(3,4);;<3>
19;178;(9,19);;<0>
19;179;(8,19);;<0>
19;180;(14,8);;<3>
19;181;(17,15);;<1>
19;182;(17,8);;<0>
19;183;(11,16);;<3>
19;184;(5,1);;<3>
19;185;(4,3);;<1>
19;186;(18,9);;<0>
19;187;(2,5);;<0>
19;188;(17,5);;<3>
19;189;(14,15);;<1>
19;190;(4,11);;<2>
19;191;(6,12);;<1>
19;192;(15,2);;<0>
19;193;(11,2);;<3>
19;194;(10,2);;<3>
19;195;(18,17);;<0>
19;196;(18,2);;<0>
19;197;(6,0);;<0>
19;198;(7,4);;<0>
19;199;(17,4);;<0>
19;200;(4,17);;<0>
19;201;(12,15);;<0>
19;202;(6,2);;<0>
19;203;(3,0);;<0>
19;204;(3,5);;<0>
19;205;(14,6);;<2>
19;206;(3,10);;<1>
19;207;(4,9);;<2>
19;208;(5,9);;<1>
19;209;(4,10);;<2>
19;210;(1,1);;<0>
19;211;(17,6);;<3>
19;212;(14,3);;<0>
19;213;(14,13);;<3>
19;214;(17,13);;<0>
19;215;(14,12);;<0>
19;216;(4,0);;<0>
19;217;(11,19);;<0>
19;218;(14,7);;<1>
19;219;(19,14);;<0>
19;220;(14,2);;<0>
19;221;(6,17);;<3>
19;222;(14,4);;<3>
19;223;(8,12);;<3>
19;224;(16,6);;<1>
19;225;(0,15);;<0>
19;226;(4,13);;<2>
19;227;(4,15);;<1>
19;228;(17,0);;<0>
19;229;(19,17);;<0>
19;230;(2,2);;<3>
19;231;(3,8);;<3>
19;232;(5,11);;<2>
19;233;(9,12);;<0>
19;234;(16,14);;<1>
19;235;(2,3);;<3>
19;236;(3,9);;<1>
19;237;(3,1);;<0>
19;238;(5,10);;<2>
19;239;(13,6);;<1>
19;240;(19,8);;<0>
19;241;(11,9);;<0>
19;242;(16,3);;<0>
19;243;(17,3);;<0>
19;244;(18,13);;<0>
19;245;(8,17);;<0>
19;246;(4,4);;<3>
19;247;(7,3);;<0>
19;248;(14,9);;<0>
19;249;(12,9);;<3>
19;250;(11,4);;<3>
19;251;(9,7);;<0>
19;252;(12,4);;<1>
19;253;(16,19);;<0>
19;254;(13,2);;<0>
19;255;(18,1);;<0>
19;256;(5,16);;<1>
19;257;(13,4);;<1>
19;258;(15,9);;<0>
19;259;(5,18);;<0>
19;260;(8,3);;<0>
19;261;(5,5);;<0>
19;262;(6,8);;<0>
19;263;(18,11);;<0>
19;264;(11,1);;<0>
19;265;(12,2);;<3>
19;266;(13,0);;<0>
19;267;(3,6);;<0>
19;268;(10,19);;<0>
19;269;(6,6);;<0>
19;270;(10,9);;<0>
19;271;(1,18);;<0>
19;272;(9,18);;<0>
19;273;(12,0);;<0>
19;274;(0,18);;<0>
19;275;(0,12);;<0>
19;276;(19,10);;<0>
19;277;(9,1);;<0>
19;278;(19,13);;<0>
19;279;(15,5);;<1>
19;280;(11,6);;<0>
19;281;(15,6);;<1>
19;282;(6,3);;<0>
19;283;(11,3);;<1>
19;284;(15,10);;<0>
19;285;(18,18);;<0>
19;286;(8,5);;<0>
19;287;(12,6);;<0>
19;288;(4,5);;<0>
19;289;(13,5);;<1>
19;290;(2,4);;<0>
19;291;(1,17);;<0>
19;292;(7,1);;<0>
19;293;(13,7);;<1>
19;294;(7,10);;<0>
19;295;(15,14);;<2>
19;296;(17,7);;<3>
19;297;(17,14);;<3>
19;298;(1,12);;<1>
19;299;(18,14);;<0>
19;300;(1,15);;<0>
19;301;(5,2);;<3>
19;302;(3,15);;<3>
19;303;(13,14);;<3>
19;304;(5,12);;<2>
19;305;(11,15);;<3>
19;306;(13,15);;<3>
19;307;(1,19);;<0>
19;308;(4,1);;<0>
19;309;(15,15);;<2>
19;310;(16,15);;<1>
19;311;(1,0);;<0>
19;312;(12,1);;<0>
19;313;(14,0);;<0>
19;314;(12,11);;<0>
19;315;(18,15);;<0>
19;316;(4,16);;<3>
19;317;(19,5);;<0>
19;318;(6,7);;<0>
19;319;(9,0);;<0>
19;320;(14,16);;<1>
19;321;(16,17);;<0>
19;322;(19,3);;<0>
19;323;(2,11);;<1>
19;324;(16,16);;<3>
19;325;(5,17);;<3>
19;326;(10,17);;<3>
19;327;(15,17);;<0>
19;328;(2,18);;<0>
19;329;(14,1);;<0>
19;330;(3,18);;<0>
19;331;(6,18);;<0>
19;332;(0,1);;<0>
19;333;(6,13);;<3>
19;334;(0,3);;<0>
19;335;(8,18);;<0>
19;336;(4,2);;<1>
19;337;(10,18);;<0>
19;338;(10,16);;<3>
19;339;(14,5);;<1>
19;340;(2,0);;<0>
19;341;(11,18);;<0>
19;342;(11,0);;<0>
19;343;(0,0);;<0>
19;344;(7,0);;<0>
19;345;(8,0);;<0>
19;346;(13,19);;<0>
19;347;(3,16);;<0>
19;348;(0,13);;<0>
19;349;(19,2);;<0>
19;350;(10,0);;<0>
19;351;(16,0);;<0>
19;352;(15,16);;<1>
19;353;(6,1);;<0>
19;354;(12,17);;<0>
19;355;(8,1);;<0>
19;356;(7,2);;<0>
19;357;(15,1);;<0>
19;358;(17,1);;<0>
19;359;(6,16);;<3>
19;360;(16,1);;<0>
19;361;(9,17);;<3>
19;362;(10,3);;<3>
19;363;(19,1);;<0>
19;364;(0,2);;<0>
19;365;(3,2);;<3>
19;366;(16,2);;<0>
19;367;(1,6);;<0>
19;368;(1,3);;<0>
19;369;(2,12);;<1>
19;370;(0,4);;<0>
19;371;(6,4);;<0>
19;372;(19,4);;<0>
19;373;(7,9);;<0>
19;374;(8,4);;<0>
19;375;(0,8);;<0>
19;376;(10,4);;<0>
19;377;(18,4);;<0>
19;378;(7,5);;<0>
19;379;(9,5);;<0>
19;380;(10,5);;<0>
19;381;(12,5);;<0>
19;382;(18,5);;<0>
19;383;(11,11);;<0>
19;384;(2,6);;<0>
19;385;(6,11);;<1>
19;386;(11,5);;<0>
19;387;(4,6);;<0>
19;388;(14,11);;<0>
19;389;(1,5);;<0>
19;390;(5,6);;<0>
19;391;(7,19);;<0>
19;392;(7,6);;<0>
19;393;(10,15);;<3>
19;394;(9,6);;<0>
19;395;(19,0);;<0>
19;396;(17,18);;<0>
19;397;(10,6);;<0>
19;398;(10,8);;<0>
19;399;(0,6);;<0>
19;400;(19,6);;<0>
